:020000040800F2
:10000000A813002075020008352B0008AD28000851
:10001000DD290008211F0008496D000800000000CC
:100020000000000000000000000000005F5D00080C
:100030004B24000800000000A14F00085D63000889
:100040008F0200088F0200088F0200088F0200084C
:100050008F0200088F0200088F0200088F0200083C
:100060008F0200088F0200088F0200089123000809
:100070008F0200088F0200088F0200088F0200081C
:100080008F0200088F0200088F0200088F0200080C
:100090008F0200088F0200088F0200088F020008FC
:1000A0008F0200088F0200088F0200088F020008EC
:1000B0008F020008A56400088F0200088F02000864
:1000C0008F0200088F0200088F0200088F020008CC
:1000D0008F0200088F0200088F0200088F020008BC
:1000E0008F0200088F0200088F02000800F002F85B
:1000F00000F0B0F80AA090E8000C82448344AAF112
:100100000107DA4501D100F0A5F8AFF2090EBAE80F
:100110000F0013F0010F18BFFB1A43F0010318473B
:1001200028D5000048D500000A444FF0000C10F814
:10013000013B13F0070408BF10F8014B1D1108BF65
:1001400010F8015B641E05D010F8016B641E01F805
:10015000016BF9D113F0080F1EBF10F8014BAD1C55
:100160000C1B09D16D1E58BF01F801CBFAD505E073
:1001700014F8016B01F8016B6D1EF9D59142D6D3CD
:10018000704700000023002400250026103A28BFF5
:1001900078C1FBD8520728BF30C148BF0B607047F9
:1001A0006E2900F00883702900F05384662908F056
:1001B000D484652908F0D184672908F0CE846129A8
:1001C00008F0CD8403681B0A28BF41F0800169292B
:1001D00000F0DC80642900F0D980752900F0D68019
:1001E0006F2900F0E083782900F01F84E92900F0EE
:1001F0007B83E42900F07883F52900F07583EF29EB
:1002000000F0DD83F82900F01E840368DB0928BFB5
:1002100041F08001632901F00780732901F00C800F
:10022000E32901F01780F32901F01C8000207047BA
:100230001FB501F06DF804000020002107F08AFAD4
:10024000401C60600020002107F06EFAE0601FBDD6
:1002500010B510BD01F02EF81146FFF7E9FF07F0C9
:10026000EBF901F00BF903B4FFF7F2FF03BC06F062
:100270006EFE00000948804709480047FEE7FEE798
:10028000FEE7FEE7FEE7FEE7FEE7FEE7FEE7FEE746
:1002900004480549054A064B704700006D63000895
:1002A000ED000008A80D0020A8130020A80F0020D2
:1002B000A80F0020704700001CB50C46064B7B447D
:1002C00069460090204600F090FA044600206946F6
:1002D00000F09EFA20461CBD4F0500007CB51D466F
:1002E00016460C00009001D02044401E074B7B4472
:1002F0002A4669460190304600F077FA05461CB15F
:100300000020694600F084FA28467CBD29050000DB
:100310000FB41CB5084B06AA7B44694600900598AB
:1003200000F063FA04460020694600F071FA2046A6
:100330001CBC5DF814FB0000F504000070B5044619
:1003400085690068C10601D5302600E02026C00777
:1003500007D070BDD4E9012130469047206A401C87
:1003600020626D1EF6D570BD70B5044685690078B3
:10037000C00707D170BDD4E9012120209047206A31
:10038000401C20626D1EF6D570BD00002DE9F041C5
:100390000646002410687529314616A510D000F0D5
:1003A00076F9002802DA404213A507E031688A078F
:1003B00001D512A502E0490704D511A5012401E0E9
:1003C00000F06EF900210A2206F1240709E0B0FBD3
:1003D000F2FCB0FBF2F302FB1C00303078541846FC
:1003E000491C0028F3D123462A463046BDE8F04197
:1003F00000F088B9000000002D0000002B00000074
:10040000200000002DE9F05F894604464FF0000A05
:10041000DFF874B1FB44C0F820A02046E1688847AB
:10042000002874D0252806D0D4E901219047206AFD
:10043000401C2062F1E700265F462046E1688847BD
:100440002028054607DB312D05D2781910F8200C3D
:1004500008B10643F1E7B00701D526F00406C4F859
:100460001CA00027C4F818A02A2D09D0284606F0A1
:1004700067FD38B304EB8708303DC8F8185019E021
:1004800059F8041B204604EB87029161E168884714
:10049000012F054618D1E069002820DA26F0200651
:1004A0001DE0D8F8180000EB800005EB4000303864
:1004B000C8F818002046E1688847054606F040FD68
:1004C0000028EED1012F0AD02E2D08D12046E16858
:1004D00088477F1C0546022F46F02006C4DBA06932
:1004E000002803DA404246F00106A061F00701D07F
:1004F00026F010066C2D0BD0682D09D04C2D39D06C
:100500006A2D35D0742D35D07A2D33D016E038E0F1
:10051000E1682F4620468847B842054609D16C2F2E
:1005200026D04FF48060E1680643204688470546A0
:1005300004E06C2F1AD04FF4807006430DB3A5F180
:100540004100192802D8203546F400664A4629465B
:10055000204626604E46FFF723FE80B101280BD0CF
:10056000F61D26F0070000F1080956E74020E4E7F1
:100570008020D8E70020D6E706F104094DE7284699
:1005800052E7206ABDE8F09F00CF000010B5203A86
:10059000C0F00B80B1E81850203AA0E81850B1E83C
:1005A0001850A0E81850BFF4F5AF5FEA027C24BFF2
:1005B000B1E81850A0E8185044BF18C918C0BDE8E9
:1005C00010405FEA827C24BF51F8043B40F8043BB2
:1005D00008BF7047D20728BF31F8023B48BF11F867
:1005E000012B28BF20F8023B48BF00F8012B7047C1
:1005F0004FF0013C50F8042B51F8043B9A4221D1B2
:10060000A2EB0C03934313EACC1317D150F8042B3D
:1006100051F8043B9A4215D1A2EB0C03934313EA21
:10062000CC130BD150F8042B51F8043B9A4209D15A
:10063000A2EB0C03934313EACC13DBD04FF0000082
:10064000704700BFD01A01BAB1FA81F101F0180168
:1006500022FA01F0CB40C1F12001DBB2C0B2C01AD6
:100660002CFA01F3D11A914311EAC311E6D1704774
:10067000704770477047704710B500F0F5F9006893
:1006800010BD10B5044600F0EFF9046010BD096814
:100690004A0501D540B27047C905FCD500B2704784
:1006A00009684A0501D5C0B27047C905FCD580B2BA
:1006B000704770B50C460546012A05D0287880069B
:1006C00000D5EA69002302E0012305E05B1C9342A8
:1006D00002D2E05C0028F9D1A869E618C01AA86126
:1006E000286A184428622846FFF728FE04E0D5E966
:1006F000012114F8010B9047B442F8D32846FFF7C4
:1007000033FE70BD2DE9F0470D46994692460446EA
:1007100000F124080168880604D5E06921F0100181
:10072000216000E00120A84201DD471B00E0002716
:10073000A1697A1902EB0900081AA0612078C006A5
:1007400002D42046FFF7FAFD002608E0D4E9012193
:100750001AF806009047206A401C761C20624E451D
:10076000F4DB2078C0060AD52046FFF7E7FD06E057
:10077000D4E9012130209047206A401C2062381EB5
:10078000A7F10107F4DC07E0D4E9012118F805001E
:100790009047206A401C2062281EA5F10105F3DC69
:1007A0002046FFF7E1FD2078000602D50220BDE8D3
:1007B000F0870120FBE711680268006A530501D544
:1007C00008700AE0D30501D5088006E0130603D5BA
:1007D000C217C1E9000200E0086001207047000074
:1007E00001694A1C02610878704700B58FB0CDE9F5
:1007F00001310021059105497944CDE903101146E5
:100800006846FFF7FFFD0FB000BD0000E5FFFFFFEA
:100810000A6802F8010B0A607047D1E900239A4286
:1008200002D2531C0B601070704700002DE9FF5F6F
:1008300015468A460446DFF8AC80F8440027D8E91C
:1008400000103E46CDE9001010E03AF816106A4656
:1008500002A800F00BFD411C07D02178890603D5C2
:10086000E269391891420DD80744761C2078800639
:1008700002D5E069B84205DDAE42E6DB3AF8160083
:100880000028E2D1A069C01BA0612046FFF756FDF9
:10089000D8E90010CDE90010002017E03AF8181050
:1008A0006A4602A800F0E2FCB0F1FF3F81460BD09F
:1008B00000250DF1080B05E0D4E901211BF8050026
:1008C00090476D1C4D45F7D308F10100B0428046BA
:1008D000E4DB206A384420622046FFF745FDBDE88E
:1008E000FF9F0000EECA00002DE9F0418046D21DB6
:1008F00022F007020025D2E90002F52915A614D03E
:10090000011E72F1000106DA0023D0EB030063EB55
:10091000020211A608E0D8F800108B0701D50FA637
:1009200002E0490701D50EA601251146002408F171
:10093000240704E000F09CF830323A55641C50EA79
:100940000102F7D12B46324621464046BDE8F04130
:10095000FFF7D8BE000000002D0000002B000000B3
:100960002000000030B4002100F1240408E002F06F
:100970000705D208303542EA4372DB086554491C4A
:1009800052EA0305F3D10468002310A2250707D516
:10099000A40600D421B1C46901230DA2641EC46160
:1009A00030BCFFF7AFBE10B5044621461068FFF714
:1009B00077FE02462046BDE810400023D2E7D21D54
:1009C00022F00701D1E90023CCE70000000000007D
:1009D00030000000F0B40D460188090502D5214C15
:1009E0007C4402E01F4C7C440E34002100F12406BC
:1009F00008E002F00F071209E75D42EA03721B09E3
:100A00007754491C52EA0307F3D1027800231207F6
:100A100004D5702D06D009B1022311342246F0BC52
:100A2000FFF770BE01231034F8E770B504460D4699
:100A300021461068FFF734FE024629462046BDE8ED
:100A400070400023C6E7D21D22F00703D3E900233C
:100A5000C0E70368126843F0200303600823C36102
:100A60000023B7E750C9000000487047480D002038
:100A700030B5B0F10A024FEA900E71F100034EEA70
:100A8000817EB0EB0E0061EB91014FEA101E4EEA41
:100A9000017E10EB0E0041EB11114FEA102E4EEAD1
:100AA000016E10EB0E0041EB11214FEA104E4EEAA1
:100AB000014E10EB0E0041EB1141401841F10001D5
:100AC0004FEAD00040EA41704FEAD10110EB8005B7
:100AD0004FEA810444EA907444EB01046D1944EB3D
:100AE0000404521BA3414FF0000348BF0A3200D553
:100AF00030BD401C41F1000130BD70472DE9FF4F72
:100B00000C461E464FF0FF378BB0D2E90001DDF8EE
:100B100060800A908A46C1F30A5505B93D46002116
:100B200008464FF00000BAF1000F00F4400005DA6B
:100B300000EB80004FF4400101EA50004FEA905969
:100B4000B9F1010F00DDB9460A9850EA4A000ED00B
:100B500044F61050A5F2FF3545432F14B8F1000FAD
:100B60001ED07542291E1EDDC9F100021CE0B8F13D
:100B7000010F4FF0000001D0302103E0F24305E007
:100B80002154401CB042FBDB30460022002121549E
:100B90000B99C1F80880C1E900200FB0BDE8F08FC3
:100BA000BD1B6D1CDEE74A4600DA694206A800F06C
:100BB000F3FB06AB93E8070003AB83E8070050465E
:100BC0000A9900F064FC8DE80700A0F500501F387A
:100BD00000900398002D0ADD42F21F014A460844A6
:100BE000002303A90390684600F0CDFE09E0A0F5BC
:100BF00000504A461F38002303A90390684600F0BE
:100C0000D7FE8DE807000004000C03D04FF0FF3042
:100C1000410800E01046B8F1000F03D00022009216
:100C200015461EE0751E05D4FFF722FF30326255CF
:100C30006D1EF9D5B3460122084302D000227F1C65
:100C400004E02078302801D100227F1E002A099775
:100C500084D01DE0112D07DAFFF70AFF303262550C
:100C60006D1C50EA0102F5D1084302D00098C8B1CA
:100C70000EE00021681E05E0235C625C6354225490
:100C8000401E491C8142F7DBAB46A81B401E099061
:100C9000002004F80B000B98099AC0F80880C0E9FE
:100CA000002B7AE711264FF0000857E72DE9F04FA7
:100CB00088460446D21D22F0070191B0D1E9000117
:100CC000CDE90A0106F0C6F802460B98C00F01D024
:100CD0002D2007E02068810701D52B2002E020218C
:100CE00001EAC000032A099001D0072A05DB034668
:100CF0004146204600F010FB0BE12078800601D52C
:100D0000E06900E00620B8F1650F814606D0B8F131
:100D1000660F18D0B8F1670F70D131E00020B9F13B
:100D2000110F009001DB112301E009F101030AAA70
:100D300001A90CA8FFF7E2FEDDE90C70002609F11D
:100D40000105834647E001204B4600904FF00047E5
:100D50000AAA01A90CA8FFF7D1FEDDE90DB00C9994
:100D60005D46002610B909F101000D18B9EB050028
:100D700003D4C0F1FF3609F10105A5EB09002BE012
:100D8000B9F1010F01DA4FF001090020B9F1110F9B
:100D90000090484601DD112300E003460AAA01A99C
:100DA0000CA8FFF7ABFEDDE90C704D46002683462C
:100DB000207800070AD4AB4500DA5D4601A8012D72
:100DC00004DD411911F8011C302907D04F4502DA22
:100DD00017F1040F04DA012082460FE06D1EEEE7E2
:100DE000002F02DCED1B3E4403E0781CA84200DD2E
:100DF0007D1CB81B00F1010A4FF000472078000766
:100E000003D4AA4501DB4FF0FF3A0021B7F1004FB0
:100E10000DF143088DF8431024D002202B23002F1E
:100E200001DA7F422D230A21021EA0F1010000DC1D
:100E30005FB197FBF1FC97FBF1F201FB1C7C1746BD
:100E40000CF1300C08F801CDEEE7A8F101000370B9
:100E50002188090501D5452100E06521A0F101089F
:100E600000F8011C09980FA9A1EB0807FF1D00B1AC
:100E70000120411901EBEA70A1693844081A401EAB
:100E8000A0612078C00602D42046FFF757FA0998DF
:100E900028B1D4E901219047206A401C20622078C3
:100EA000C00622D52046FFF749FA1EE0002E04DBDB
:100EB000B34502DD01A8805D00E03020D4E90121C6
:100EC0009047206A401C2062761CAAF101005FEA6C
:100ED000000A0AD100F01CFAC0680168405CD4E93D
:100EE00001219047206A401C2062281EA5F10105BF
:100EF000DCDC07E0D4E9012118F8010B9047206AF7
:100F0000401C2062381EA7F10107F3DC2046FFF7E2
:100F10002BFA032011B041E62DE9F04F04460D46AF
:100F2000D21D22F0070089B0D0E900974846394623
:100F300005F090FF0246F80F01D02D2307E020684E
:100F4000810701D52B2302E0202101EAC0038DF89F
:100F500020300BB1012000E00020032A824601D09E
:100F6000072A04DB2946204600F0D6F93FE1207825
:100F7000800601D40D2500E0E569C7F30A560D2D62
:100F800049DA00214FEA175B08464FF00000002FB6
:100F900000F4400007DA00EB80004FF4400100EB62
:100FA000D07001EA60008115012901DD4FF0FF31A9
:100FB00000224FEA850CBCF1180F06D31346ACF1A2
:100FC00018004FF08052C24003E04FF4801323FA20
:100FD0000CF30CF10C0CBCF1200F04D3ACF1200C81
:100FE00009FA0CF001E007FA0CF000294FF0004874
:100FF00001DD18B90FE00ED140450CD319EB020901
:101000005F4121B9404502D19F4329EA0209BBEB68
:10101000175F00D0761C2088000502D57B487844F5
:1010200002E07A487844193808AA302302F80A30D6
:10103000037C0AF10101002E0AF1020A53546A46A8
:1010400002DC4FF0300101E04FF031014FF00108B8
:101050008DF8001002D0A6F2FF3603E059EA4701EE
:1010600000D06B4E002D02DC2178090704D54FF02B
:1010700002082E218DF80110C44600210BE0C7F3B1
:1010800003433F01C35C491C6D1E02F8083005296B
:1010900008F1010801DA002DF1DC00210CE000EB81
:1010A0001973491C1B786D1E082902F808304FEA95
:1010B000091908F1010801DA002DF0DC21688B061E
:1010C00002D516E0A8F10108E04505DD02EB0803B2
:1010D00013F8013C302BF5D0B8F1000F09DD02EB1D
:1010E000080313F8013C2E2B03D1090701D4A8F102
:1010F0000108002D05DD3E2102F808106D1E08F1E3
:101100000108407C002E02F8080008F1010804DA0A
:101110002D20764202F8080002E02B2002F8080099
:101120000A214FF47A70864208F101080BDB96FB26
:10113000F0F3303302F8083096FBF0F308F10108C1
:1011400000FB136601E0642E0CDB642096FBF0F3D9
:10115000303302F8083096FBF0F308F1010800FB89
:10116000136601E00A2E06DB96FBF1F0303002F840
:10117000080008F1010896FBF1F001FB1060303027
:1011800002F80800A16908F1010808EB050202EB6A
:101190000A00081AA0612078C00602D42046FFF792
:1011A000CDF8216A08AE01EB0A00206204E0D4E920
:1011B000012116F8010B9047BAF1010AF7D2207805
:1011C000C00602D52046FFF7B9F86E4609E016F8CA
:1011D000010B3E280FD0D4E901219047206A401C22
:1011E0002062B8F10108F2D22046FFF7BDF809B03D
:1011F0000320BDE8F08F206A2844206203E0D4E990
:101200000121302090476D1EEBD3F8E7F1C30000B9
:1012100002FCFFFF10B5436913B1AFF3008001E09A
:10122000FFF747FA012010BD127800F124010A707F
:1012300000224A700122EDE711684FF0FF32E9E722
:1012400010B5436913B1AFF3008001E0FFF7EEFA88
:10125000012010BD128800F1240182840022C28482
:101260000122EDE711684FF0FF32E9E770B516464D
:101270000C46054600F044F8036893F80101012884
:1012800006D0FF2C0FD8185D68B101202C7070BDFE
:10129000D3F807013246214603F2071303442846D8
:1012A000BDE8704018474FF0FF3070BD00487047F0
:1012B000480D00207546FFF7F9FFAE460500694668
:1012C000534620F00700854618B020B5FEF7E0FF32
:1012D000BDE820404FF000064FF000074FF0000837
:1012E0004FF0000B21F00701AC46ACE8C009ACE8B8
:1012F000C009ACE8C009ACE8C0098D4670470000E1
:1013000010B500F005F8001D10BD00BF49640000D5
:1013100000487047680D00202DE9F0411F46044643
:1013200003260168072A01F4006004DB08B116A552
:1013300005E016A503E008B115A500E015A521F00C
:1013400010002060A069C01EA0610FB1401EA06106
:101350002046FEF7F3FF4FB1D4E90121384690470C
:10136000206A401C2062C01C206206E0206AFAE766
:10137000D4E9012115F8010B9047761EF8D22046DA
:10138000FEF7F2FFBDE8F0814E414E006E616E0047
:10139000494E4600696E66002DE9F04781461646C3
:1013A0008AB0354878440DC88DE80D00324878443D
:1013B000801C03AC0DC884E80D0041F69B30084446
:1013C000372190FBF1F290FBF1F5A5F1800501FBCF
:1013D00012041B3C02D56442012000E00020DFF82B
:1013E00098A080460027FA44AAF1BE0A0EE0E00762
:1013F0000AD03246684607EB470101230AEB810118
:1014000000F0D6FA8DE8070064107F1C002CEED1A6
:10141000194F7F44AE3F19E0E80715D007EB0410E1
:101420000DF1180A90E80E008AE80E00C068F0423C
:1014300001D1981908903246012306A903A800F0AB
:10144000B7FA03AB83E807006D10641C002DE3D1ED
:101450004FF0010332466946B8F1000F03A802D0ED
:1014600000F091FA01E000F0A3FAC9E90001C9F81F
:1014700008200AB0BDE8F087FCC0000010B50446A3
:10148000AFF300802046BDE81040FEF7ECBE5FEAF7
:10149000400C08BF91F0000F4FEA8C234FEAC122A5
:1014A00043EA51514FEA1C5018BF00F5F0404FEA93
:1014B000300018BF41F000415FEA6C5C00F0298009
:1014C000BCF1FF3F08BF40F080407047130C06BFDF
:1014D00012044FF0100C4FF0000C130E04BF120258
:1014E0000CF1080C130F04BF12010CF1040C930F44
:1014F00004BF92000CF1020CD30F04BF52000CF198
:10150000010C11464FF00002A0F11F00A0EB0C00EF
:10151000704711F0004F08BF704731F000413FF4B1
:10152000D5AF0B0C06BF09044FF0100C4FF0000CA8
:101530000B0E04BF09020CF1080C0B0F04BF0901CC
:101540000CF1040C8B0F04BF89000CF1020CCB0FC3
:1015500004BF49000CF1010CCCF12003A0EB0C00FE
:1015600022FA03F302FA0CF241EA030100F101004E
:10157000704720F07F4C80EA030023F07F47ACEBFC
:10158000070303F57C5300F0004003F1FF032DE94E
:1015900080494FEA154B09B44FEA144325EA0B4E34
:1015A00024EA03480FF2042606EB132749083E7885
:1015B0005FEA320203FB0667C7F5000707FB06F682
:1015C0004FEA54374FEAD64606F1020607FB066C8F
:1015D000CCF1005C4FEA1C472CEA074C07FB06F4F1
:1015E0000CFB06F504EB15464FEA961634BF0020B7
:1015F0004FF000404FEAD13706FB07FC4FEA1C4C86
:101600000CFB0BF7D21B03FB0CF761EB07010CFB88
:101610000EF7B0EB074072EB17420CFB08F734BF34
:10162000A2EB0742B2EB074261EB17414FEA0C44D1
:101630004FEA910706FB07FC4FEA1C4C0CFB0BF72B
:10164000B0EBC74072EB573203FB0CF734BFA2EB91
:10165000C742B2EBC74261EB57310CFB0EF7B0EB60
:10166000C70072EB57720CFB08F734BFA2EBC7023E
:10167000B2EBC70261EB5771039F4FEA816141EA08
:10168000921104EBCC044FEAD1374FEA826206FB99
:1016900007FC42EA90124FEA80604FEA1C4C0CFBB8
:1016A0000BF7D21B03FB0CF761EB07010CFB0EF7EA
:1016B000B0EB074072EB17420CFB08F734BFA2EB0C
:1016C0000742B2EB074261EB17414FEA8C554FEAF4
:1016D000910704EB9C2406FB07FC4FEA1C4C0CFB17
:1016E0000BF7B0EBC74072EB573203FB0CF734BF7C
:1016F000A2EBC742B2EBC74261EB57310CFB0EF7CE
:10170000B0EBC70072EB57720CFB08F734BFA2EBCB
:10171000C702B2EBC70261EB577115EB4C254FEADC
:10172000816141EA92114FEA82624FEAD13742EA7F
:10173000901206FB07FC44F100044FEA80604FEA78
:101740001C4C0CFB0BF7D21B03FB0CF761EB0701E6
:101750000CFB0EF7B0EB074072EB17420CFB08F7DF
:1017600034BFA2EB0742B2EB074261EB174115EB26
:101770001C154FEA813141EA92414FEA823242EA36
:1017800090424FEA80304FEA0C7644F1000448EA78
:1017900003434EEA0B484FF0000EB2EB080C71EB1E
:1017A000030724BF624639464EEB0E0E4FF0000B86
:1017B0000018524149414BEB0B0BB2EB080C71EB9B
:1017C00003077BF1000B24BF624639464EEB0E0E39
:1017D0004FF0000B0018524149414BEB0B0BB2EBA1
:1017E000080C71EB03077BF1000B24BF62463946FE
:1017F0004EEB0E0E51EA020718BF46F0010616EB3B
:101800000E7655F1000254F1000103D5BDE88901BF
:10181000BDE80088BDE88901BDE80048B61952411D
:1018200041EB0101A3F10103704780807F7E7D7C45
:101830007B7A7978777676757473727171706F6E62
:101840006E6D6C6C6B6A6A6968686766666564640D
:10185000636362616160605F5F5E5E5D5D5C5C5B97
:101860005B5A5A5959585857575656555555545406
:10187000535352525251515050504F4F4F4E4E4D64
:101880004D4D4C4C4C4B4B4B4A4A4A4949494848B0
:1018900048474747474646464545454444444443F0
:1018A00043434342424242414141002B9C4630D493
:1018B00077002BD01CB54FEA370703B44FF0100068
:1018C0004FF01001BAF1000F06D0BCF1000FDCBFE1
:1018D00040F0080040F008014FF000000FBCBDE8E8
:1018E00010400BF1010BBBF1010F08BF5FEA1707B6
:1018F00022BF12F1010211F101014FF0004143F149
:10190000000300F0004043EA00007047F9D3570895
:10191000D0E746EA064613F1400F4FEA16461FDDB0
:1019200013F1200FDFBF16430A46002120335B422C
:10193000BED0C3F1200746EA064602FA07F74FEA8F
:10194000164646EA0706C3F1200722FA03F201FA17
:1019500007F721FA03F14FF0000342EA0702A7E775
:1019600046EA020646EA06464FEA164646EA0106F7
:10197000BCBF46EA0646360C4FF000034FF00002AB
:101980004FF0000194E72DE9804C9A46934670B4DD
:1019900091E8380007C831EA400C48BF34EA430CEC
:1019A00003D5FFF7E6FDFFF780FFF0BCBDE8008C34
:1019B0002DE9804C9A46934670B491E8380007C8E8
:1019C00010F0804F08BF13F0804F03D100F005F8EE
:1019D000FFF76BFFF0BCBDE8008C20F07F4780EA8A
:1019E000030023F07F4C07EB0C03A3F57C5300F0BE
:1019F0000040A3F1FE0392F0000F00F0B38095F0D9
:101A0000000F00F077802DE901494FEA11404FEABD
:101A1000144621EA004800FB06FC24EA064708FBBE
:101A200006F607FB08F800FB07F718EB06484CEB37
:101A3000164C4FEA124B18EB07484FEA15464CEB91
:101A4000174022EA0B4E0BFB06FC25EA06470EFB6D
:101A500006F607FB0EFE0BFB07F71EEB064E4CEBE4
:101A6000164C4FF000061EEB074E4CEB174B18EBD5
:101A70000B0840F1000018EB0E0B58EB000840F18A
:101A800000008F1A4FF000013CBFC943661B14BF12
:101A9000B5EB040C00213CBFC943F61B4FEA1744C9
:101AA0004EEA8E0E27EA04454FEA1C4704FB076204
:101AB0002CEA074C05FB07F70CFB05F604FB0CFCB6
:101AC00016EB074642EB174216EB0C4642EB1C4264
:101AD0001BEB060658EB0202414146EA9E0601D581
:101AE000BDE80189B619524141EB0101A3F101039F
:101AF000BDE801894FEA14454FEA114724EA05463B
:101B000021EA074C05FB07F406FB07F70CFB06F17F
:101B100005FB0CFC11EB074144EB17444FEA12475D
:101B200011EB0C4144EB1C4422EA074C05FB07F285
:101B300006FB07F70CFB06F605FB0CFC16EB07464D
:101B400042EB174216EB0C4642EB1C456A1854F167
:101B5000000148BF7047B619524141EB0101A3F1A2
:101B60000103704795F0000F37D04FEA11424FEA5A
:101B7000144721EA024624EA074C02FB07F106FB60
:101B800007F70CFB06F402FB0CFC14EB074441EBDB
:101B900017414FEA154714EB0C4441EB1C4125EA71
:101BA000074C02FB07F506FB07F70CFB06F602FBEA
:101BB0000CFC16EB074645EB174516EB0C4645EBC0
:101BC0001C42121951F1000148BF7047B619524129
:101BD00041EB0101A3F1010370474FEA14454FEABD
:101BE000114724EA054621EA074C05FB07F106FBED
:101BF00007F70CFB06F24FF0000605FB0CFC12EB9E
:101C0000074241EB174112EB0C4251EB1C4148BF1C
:101C10007047921841EB0101A3F1010370470029BD
:101C2000816802D041F0010101E021F001018160F1
:101C3000704710B505F0E8F905F08AF9BDE81040E5
:101C400000F00AB80029816802D041F4807101E0F7
:101C500021F480718160704710B501218CB0084675
:101C600003F0E8FC05200390002012490191029046
:101C70004FF4806107910A908021059120210891FD
:101C80000D4900918915049008010C4C06910990AA
:101C90006946204600F0BCFB022000F089FB0122CF
:101CA0000221204600F0ACFB0121204600F08CFB15
:101CB0000CB010BDE40600204C2401400800024096
:101CC0000029816802D041F4801101E021F48011E3
:101CD00081607047014600208968490700D50120CE
:101CE0007047000010B542680E4B0C791A400B6823
:101CF00042EA04221343436083680B4A1340D1E94C
:101D0000024222434C7943EA44031A438260C26A86
:101D1000097C22F47002491EC9B242EA0151C16233
:101D200010BD0000FFFEF0FFFDF7F1FF70B50724C6
:101D300009290AD9C568A1F10A0606EB4606B4408E
:101D4000A543B3401D43C56007E0056901EB4106AB
:101D5000B440A543B3401D4305611F23072A09D2A0
:101D6000446B521E02EB820293409C4391400C4311
:101D7000446370BD0D2A09D2046BD21F02EB8202AC
:101D800093409C4391400C43046370BDC46A0D3A78
:101D900002EB820293409C4391400C43C46270BDAD
:101DA000816841F0080181607047816841F0040159
:101DB00081607047F0B5224D224885B00024C5E906
:101DC0000240284600F0EAF9686806F039FC06B2DD
:101DD000286806F035FC80251B49CDE901450094B3
:101DE000CDE9035100B240232022314602F088FCA5
:101DF00016488168006806F0F7FD114E20F000409B
:101E00006036B0F1814F02DA1148C6E902040C488D
:101E1000603000F0C3F9706806F012FC07B2306859
:101E200006F00EFC0B49CDE901450094CDE90351C4
:101E300000B240231022394602F062FC05B0F0BD2A
:101E4000B80C00200000A0C2F2D10008700C0020E5
:101E50000000DC42A2D00008F0B5224D224885B037
:101E60000024C5E90240284600F098F9686806F0A9
:101E7000E7FB06B2286806F0E3FB80251B49CDE9A5
:101E800001450094CDE9035100B2402320223146A0
:101E900002F036FC16488168006806F0A5FD114E78
:101EA00020F000403036B0F1814F02DA1148C6E927
:101EB00002040C48303000F071F9706806F0C0FB85
:101EC00007B2306806F0BCFB0B49CDE90145009430
:101ED000CDE9035100B240231A22394602F010FC2A
:101EE00005B0F0BDB80C00200000A0C2F2D100087F
:101EF000700C00200000CC4222D100080448406A47
:101F0000C068002802D0022003F040BF70470000E4
:101F100048000020014802F0DFBC00009C000020C7
:101F2000FEE70FB470B5A0B00D460646002427ABFF
:101F300080216846269AFEF7D1F9684608E009062E
:101F400003D5A1190CB2801C02E061190CB2401C2F
:101F500001780029F3D120B0204670BC5DF814FB55
:101F60001CB5044600F150014030CDE9000104F1F8
:101F7000300304F1200204F11001204600F038F88B
:101F800004F1540104F14400CDE9000104F13403EB
:101F900004F124024039201D00F02AF804F1580110
:101FA00004F14800CDE9000104F1380304F12802EE
:101FB0004039403800F01CF804F15C0104F14C0099
:101FC000CDE9000104F13C0304F12C024039403812
:101FD00000F00EF81CBD1CB500F11402111FCDE974
:101FE00000120B1F0C3A011D00F002F81CBD00008E
:101FF0002DE9F04F85B0DFF880B1DDE90E890446A8
:10200000DBF824001F461546407A0E464FF0000AC2
:10201000F0BB3168206806F0DFFA7DD0DBF82400E1
:102020004068B0F5000F04DAC5F800A0C7F800A0BA
:102030009CE0286838602168306806F0D5FC28608C
:1020400006F068F900910290DBF82400406806F081
:1020500061F94A4A4A4B05F033FF009B029A05F0AA
:102060002FFFCDE90201206806F054F9DDE90223D3
:1020700005F0B8FB05F084FB20600290DBF824003B
:102080004049406806F0E6F900903168029800E0A7
:1020900007E006F0A9FC20F00040009906F068FB7C
:1020A000C2D3DBF82400417A012961D1406883461C
:1020B000B0F5000F08DAC5F800A0C7F800A0C9F80D
:1020C00000A0C8F800A051E02F4906F085FB02905F
:1020D0002E49584606F080FB019028683860DFF8EA
:1020E000B0B02168306806F07FFC2860D8F8002086
:1020F0000146104606F03AF9C8F800003968286829
:1021000006F072FC06F006F9224A234B05F0C2FCE9
:1021100005F036FB014600E02AE0C9F80000584609
:1021200006F05AFB8346D8F80010019806F054FBDD
:1021300080462968029806F04FFB414606F016F9E2
:10214000594606F013F9216806F010F9014620609F
:10215000306806F049FC20F00040B0F17C5F07DAFF
:10216000C5F800A0C7F800A0C9F800A0306820603A
:1021700005B0BDE8F08F0000480000207B14AE479A
:10218000E17A943F0000A0410AD7A33C0AD7A33BC1
:102190006F12033B9A9999999999B93F1CB50446D6
:1021A00000F128012030CDE9000104F1180304F109
:1021B000100204F108012046FFF71AFF04F12C0178
:1021C00004F12400CDE9000104F11C0304F1140220
:1021D0002039201DFFF70CFF1CBD00002DE9F04148
:1021E0002348244D446A05F1300694F9000020B1DB
:1021F000012816D0022830D036E0B4F92E0006F0BF
:102200005BFA1C49F039096806F0B0F84FF08641D6
:1022100006F0EAFB2860616C6960206CC5E9020188
:1022200011E0B4F9360006F047FA276C394606F09B
:102230009DF82860B4F93800C04306F03DFAC5E9BE
:102240000107606CE860B4F9140006F035FA3060FC
:10225000B4F9140006F030FA05E000202860686048
:10226000A860E86030607060BDE8F04103F094BDA4
:1022700048000020700C00202DE9F0473F48404EF8
:102280004FF00008446A06F1F0054FF0864994F9D2
:10229000000005F1300720B1012834D0022853D0C6
:1022A00068E0B4F92E0006F007FA316806F05EF82F
:1022B000494606F05BF82860B4F9300006F0FCF9F6
:1022C0008146716806F052F86860B4F92E0006F095
:1022D000F3F9E16906F04AF8A8604846216A06F079
:1022E00045F8E860E0693061206A7061606AB06159
:1022F000A06AF06123483860B4F9140006F0DCF9F4
:102300007860404634E0B4F93200B4F9366000EB4E
:10231000D070401006EBD671A0EB610006F0CCF94E
:10232000A8601948E86019482860704206F0C4F9AE
:1023300068604FF07E503860B4F9140006F0BCF9C4
:102340007860A4F83A8015E0C5F80080C5F80480EC
:10235000C5F80880C5F80C804FF08541C6F810809C
:10236000F161C6E90589C7F800804046C7F80480D6
:102370006087A087BDE8F04703F00EBD480000204D
:10238000800B0020000040C00000C040000048C298
:1023900010B5022000F024F8012806D10349087086
:1023A000BDE81040022000F003B810BD200000205E
:1023B000C10002D502490860704702494860704771
:1023C00004040240000002400029016802D041F0EC
:1023D000010102E04FF6FE721140016070470000FB
:1023E00001460020CA0001D5034A00E0034A1268F2
:1023F0000A4200D001207047000402400000024061
:10240000002A026801D00A4300E08A430260704754
:1024100030B5036847F6F07293430C6A8A6822432A
:10242000D1E904452C4322438C692243CC692243E1
:102430004C6A22438C6A22431A430260CA68426093
:102440000A6882604968C16030BD704700B50246C5
:102450004FF47A7302E0184600F003F8521EFAD2E5
:1024600000BD00EBC000C1004FF0E0204161002141
:102470008161052101610169C903FCD50421016164
:10248000704700002DE9F04F154690F82D2085B0DB
:102490009B46012A4CD1284A01EB41010823526A8C
:1024A00003EBC10300691269D458042202EBC10294
:1024B0000C23825803EBC10124B15AB9405848B9E2
:1024C0001EA408E0405812B120B91DA403E008B1D1
:1024D0001CA400E01CA4686806F0B2F80FFA80FAA9
:1024E000286806F0ADF8194D0FFA80F9E86806F093
:1024F000A7F80FFA80F81649A86806F075FA06F0F2
:102500009FF807B2686806F09BF806B2286806F0E4
:1025100097F80E990BF0FF03CAB2CDE90232CDE96C
:10252000009A00B2049443463A46314601F053FE05
:1025300005B0BDE8F08F0000480000203E0000001C
:102540007E0000002A0000002D000000800B00200B
:102550000000C0400021014803F0C8BF002C01402A
:102560000121014803F0C2BF002C014070B50B4DA2
:10257000284603F0DEFF04B20021284604F0D0F81C
:10258000074A10680119C81701EB907343F38F00D5
:1025900023F00303C91A116070BD0000002C014034
:1025A0009000002030B5012187B0C80203F05AF82E
:1025B0000121042003F056F848208DF81B004FF449
:1025C0004070ADF8180003208DF81A0006A91D48C8
:1025D00000F080F80024ADF812404FF6FF701A4D5D
:1025E000ADF80E40ADF81000ADF80C408DF8144079
:1025F00003A9284604F0BEF8684604F03FF8ADF899
:1026000000400F24ADF808406946284603F0A0FFBB
:102610000420ADF80000ADF808406946284603F0F4
:1026200097FF00231A460321284603F069FF012182
:10263000284603F05BFF0021284604F071F807B03C
:1026400030BD000000080140002C014070B5154C61
:1026500004250826606A0169B0F93A0000EB4000E1
:1026600005EBC0028A5832B106EBC00008580028BA
:1026700016D103F083FB616A0869B1F93A1001EBE6
:10268000410106EBC1028258002A09D005EBC101C5
:102690004058002804D1BDE87040012003F076BB0B
:1026A00070BD00004800002004490A6822F01002B2
:1026B0000A600A6802430A60704700000020024076
:1026C000034A116801F038010143116070470000AE
:1026D00000200240F0B5CA78002502F00F03D206B0
:1026E00001D58A7813430A784FF00F0E12F0FF0FCE
:1026F0004FF001021CD004680F8802FA05F637403B
:10270000B74211D14FEA850C0EFA0CF724EA0707FD
:1027100003FA0CF43C43CF78282F02D0482F02D084
:1027200002E0466100E006616D1C082DE4D3046000
:102730000C88FF2C1ED944685FF0000606F10807DC
:1027400002FA07F50F882F40AF420FD14FEA860CEF
:102750000EFA0CF7BC4303FA0CF73C43CF78282F52
:1027600000D14561CF78482F00D10561761C082E35
:10277000E4D34460F0BD0246002092680A4200D0D3
:102780000120704741617047016170470AB10161E2
:10279000704741617047000070B51348456A95F96C
:1027A0000A0005F089FF11494E68314605F0DEFD4B
:1027B0000446B5F9300005F07FFFA96A06F009F973
:1027C000314605F0D3FD4FF07E5106F00DF905F0CE
:1027D00037FF00B205F070FF214605F03BFE05F023
:1027E0002FFF00B270BD000048000020A00C0020A8
:1027F0000348007808B100207047012070470000AE
:10280000480000200648B0F90410312902DA491CBA
:10281000818070470021818002884280018070475A
:10282000880000200348407808B10020704701204C
:1028300070470000480000200146002001E0401CD5
:1028400000B200EB400251F83220002AF7D1704765
:10285000082808D00C2803D0102807D0142808D046
:102860000C22072007E00822062004E0102208209E
:1028700001E014220A20002900D1104670470028E8
:1028800002D0C16909B102207047016A09B1032071
:102890007047416A09B104207047816A09B1052077
:1028A000704780690028FBD001207047FEE70000D8
:1028B00038B50121102002F0D5FE0121042002F0DC
:1028C000D1FE0121082002F0CDFE0121082002F0F6
:1028D000C9FE4FF40050ADF8000048208DF8030009
:1028E00003208DF8020069460E48FFF7F3FE4FF40F
:1028F0008070ADF8000069460B48FFF7EBFE4FF41F
:1029000080500A4CADF8000069462046FFF7E2FE11
:102910004FF40040ADF8000069462046FFF7DAFEAC
:1029200038BD00000010014000080140000C0140CB
:1029300038B50121082002F095FE4FF41040ADF8A3
:10294000000048248DF8034003258DF802506946A5
:102950001148FFF7BFFE0121102002F083FE4FF463
:102960000050ADF800008DF803408DF80250694624
:102970000A48FFF7AFFE0121042002F073FE4FF476
:102980008070ADF800008DF803408DF80250694664
:102990000348FFF79FFE38BD000C014000100140C6
:1029A000000801400B490A4A0020C1E90220C1E9A0
:1029B00000203031084AC1E90220C1E9002030314D
:1029C0004FF08642C1E90220C1E9002070470000B3
:1029D000000048C3B80C002000000143FEE70000DF
:1029E000084810B5406A90F90A0005F065FE0649EE
:1029F000496805F0BBFC044C303CE16805F0B6FCCE
:102A0000E06010BD48000020A00C0020084810B570
:102A1000406AB0F9360005F04FFE0649496805F0F6
:102A2000A5FC044C303CA16805F0D3FFA06010BDAC
:102A300048000020A00C0020084810B5406AB0F9FA
:102A4000360005F039FE0649496805F08FFC044C54
:102A5000303CA16805F08AFCA06010BD4800002051
:102A6000A00C0020084810B5406A90F90A0005F053
:102A700023FE0649496805F079FC044C303CE168C6
:102A800005F0A7FFE06010BD48000020A00C00206A
:102A9000F8B503F0F1F903F0EBFA03F007FB03F0EC
:102AA000B3FB2148FFF77AFB1F483030FFF793FA5A
:102AB0001D483038FFF78FFA1B48F038FFF750FAFF
:102AC00002F070FA1948FFF74BFA184CE06805F06D
:102AD000B7FD07B2A06805F0B3FD06B2606805F067
:102AE000AFFD05B2206805F0ABFD114C00B23B46CE
:102AF000616A3246097A0091294602F00DFFA078FA
:102B000001F0C8FBB4F90C0000F0ECF906481838E5
:102B1000FFF761FA04489038FFF722FA02F0EEF866
:102B2000BDE8F84000F01EBD700C0020200B002016
:102B300048000020704700001FB50FA10522D1E911
:102B40000001CDE9020102A9302000F00DF90522B3
:102B50006946102000F05CF8002069460A5CA52A4E
:102B600003D1401CC0B20528F8D3052802D00120AB
:102B700004B010BD0020FBE7A5A5A5A5A500000099
:102B8000F8B50121082002F06DFD4FF48066ADF824
:102B9000006010251C4F8DF8035001248DF8024071
:102BA00069463846FFF796FD0121042002F05AFDE0
:102BB000ADF800508DF80350144D8DF80240694671
:102BC0002846FFF787FD31463846FFF7DDFD102127
:102BD0002846FFF7D9FD0121082002F043FDADF89A
:102BE000004048208DF803008DF8024069463846C1
:102BF000FFF770FD31463846FFF7C4FD1021284627
:102C0000FFF7C2FDF8BD0000000C014000080140C4
:102C10002DE9F041DFF838800F46044615461021B3
:102C20004046FFF7AFFD204603F040F8064600247B
:102C300005E0FF2003F03AF83855641CE4B2AC42DA
:102C4000F7D310214046FFF79FFD3046BDE8F081E5
:102C50000008014070B5094D044610212846FFF7D1
:102C600091FD204603F022F8FF2003F01FF80446F0
:102C700010212846FFF788FD204670BD000801405E
:102C800070B51E4E4FF4806529463046FFF77AFD39
:102C90000321084600F08CF8194C0522611C3020F5
:102CA00000F062F80522611C2A2000F05DF8062180
:102CB0003D2000F07DF801213C2000F079F8012151
:102CC000212000F075F80121222000F071F8A1798F
:102CD000252000F06DF81A21242000F069F8072162
:102CE000262000F065F80E21202000F061F829462A
:102CF0003046BDE87040FFF747BD0000000C0140C2
:102D00002C00002070B5174C05464FF48066314604
:102D10002046FFF737FD0B222946A02000F024F8BB
:102D200031462046FFF730FD01212046FFF723FD05
:102D30000028F9D10720FFF78DFF04460146272020
:102D400000F036F800F09CF8E00605D5FF21E12000
:102D500000F02EF8102070BDA00601D5202070BD17
:102D6000FF2070BD000C01402DE9F041DFF83C80F0
:102D70000D460446164610214046FFF703FD204647
:102D800002F094FF0746002406E000BF15F8010B8F
:102D900002F08CFF641CE4B2B442F7D31021404629
:102DA000FFF7F2FC3846BDE8F08100000008014062
:102DB00070B50A4D0E46044610212846FFF7E2FC86
:102DC000204602F073FF0446304602F06FFF1021E8
:102DD0002846FFF7D9FC204670BD000000080140DE
:102DE00070B50F23C47801780122F4B1144C246823
:102DF000457804F4E064C4F5E064240AC4F10406F0
:102E0000E3408478B5401C402C4301F1E0212301CC
:102E100081F80034007800F01F018A4040098000EA
:102E200000F1E020C0F8002170BD01F01F008240D9
:102E30004809800000F1E020C0F8802170BD00004A
:102E40000CED00E0024908430249086070470000A9
:102E50000000FA050CED00E008B54FF4A060FFF7A4
:102E6000F1FF0B208DF8000000208DF801008DF897
:102E7000020001208DF803006846FFF7B1FF08BD8E
:102E800010B50B2208496120FFF7C2FE064907482A
:102E90000A78AA2A02D1897AAC2902D0002141708D
:102EA00010BD0121FBE70000EE06002020000020FD
:102EB000094810B5017800290CD00021017007489D
:102EC00004F0C4F8064804F03DFBBDE81040044897
:102ED000FFF718BF10BD000020000020E40600200E
:102EE000F906002010B50446FF2801DDFF2402E0AA
:102EF000002C00DA0024812002F01EF8E0B2BDE8C8
:102F0000104002F019B8000010B50021074C0A4625
:102F1000002004EBC1131A54401C00B28028FADBD5
:102F2000491C09B20829F3DB10BD0000100700207E
:102F3000F0B5002A38DD002B36DD002801DA002547
:102F400000E00546104402B2802A00DD802295424E
:102F50002ADA002901DA002000E00846194409B203
:102F6000402900DD402188421EDA1BE0C31700EB38
:102F7000537626F00703C71A0123DFF830C0BB40A1
:102F8000F6102C460CEBC61608E03719641C97F8AF
:102F900000C024B22CEA030C87F800C09442F4DB92
:102FA000401C00B28842E1DBF0BD000010070020A9
:102FB0002DE9FF5F0D468046002A7DDDC2F101004C
:102FC00014460FFA80FB0026214630460E9B039ADA
:102FD00001F006F8474620B1281901B2404600F03A
:102FE00089F9604201B24FF0000A894650460E9BB3
:102FF000039A00F0F5FF20B1281B01B2384600F01B
:1030000079F9314620460E9B039A00F0E9FF28B17A
:1030100008EB0400294600B200F06CF9514648461E
:103020000E9B039A00F0DCFF28B1A8EB04002946B0
:1030300000B200F05FF90F98002811D04F460DE064
:10304000394600200E9B039A00F0CAFF20B1E81910
:1030500001B2404600F04EF97F1C3FB2A742EFDBC1
:10306000CDE0761C36B2BBF1000F02DA0BEB460066
:1030700004E0641E24B2311B0BEB4100401C0FFA2C
:1030800080FB214630460E9B039A00F0A9FF30B129
:10309000281901B208EB060000B200F02BF9314606
:1030A00020460E9B039A00F09BFF40B1A81901B285
:1030B00008EB040000B200E0A4E000F01BF960425D
:1030C00001B2704200B2894682460E9B039A00F01C
:1030D00087FF30B1281B01B2A8EB060000B200F058
:1030E00009F9514648460E9B039A00F079FF30B12A
:1030F000A81B01B2A8EB040000B200F0FBF849469F
:1031000030460E9B039A00F06BFF30B1281B01B2D2
:1031100008EB060000B200F0EDF8514620460E9B89
:10312000039A00F05DFF30B1A81B01B208EB040068
:1031300000B200F0DFF8214650460E9B039A00F0E3
:103140004FFF30B1281901B2A8EB060000B200F021
:10315000D1F8314648460E9B039A00F041FF30B14A
:10316000A81901B2A8EB040000B200F0C3F80F9850
:10317000F0B34F461DE0394630460E9B039A00F0EF
:103180002FFF30B1E81901B208EB060000B200F0E1
:10319000B1F8394650460E9B039A00F021FF30B13A
:1031A000E81901B2A8EB060000B200F0A3F87F1CFA
:1031B0003FB2A742DFDB57461FE0394648460E9B29
:1031C000039A00F00DFF30B1E81901B2A8EB04003A
:1031D00000B200F08FF8394620460E9B039A00F0AB
:1031E000FFFE40B1E81901B208EB040000B200E0B4
:1031F00005E000F07FF87F1C3FB2B742DDDBA6425E
:10320000FFF62FAFBDE8FF9F2DE9F04F1E464FF0B0
:10321000000904460D461746C846B1420ED1BC42CD
:1032200008DD2746144605E02946204600F062F8EE
:10323000641C24B2BC42F7DDBDE8F08FBC420DD166
:10324000B54208DD1D460E4605E02946204600F041
:1032500051F86D1C2DB2B542F7DDEDE703DD2746D1
:1032600014461D460E46B54205DD684205B2704261
:1032700006B24FF00109701B391B884207DD20465A
:103280002C4605463846374606464FF00108701B67
:103290004200391B0FFA82FB421A52000FFA82FADF
:1032A000C1EB400019E0604201B203E0684201B2A4
:1032B00003E02146284601E02946204600F01AF89E
:1032C000BC42B9DA641C24B2002E02DA06EB0B0011
:1032D00003E06D1C2DB206EB0A0006B2B9F1000F37
:1032E00003D0B8F1000FE1D0DDE7B8F1000FE3D073
:1032F000DFE7000010B5002815DB002913DB7F286D
:1033000011DC3F290FDCCA1701EB5272D410064BB7
:1033100022F0070203EBC41318448A1A0378012130
:1033200091400B43037010BD100700202DE9FC4FA6
:103330000C460646002A63D0002B61D0050005EB41
:103340000200A0F1010A01EB03070846A7F10107FB
:103350000FFA8AFC39B28B46CDF804C000D500259F
:10336000BCF1800F01DB4FF07F0C002800DA002059
:10337000402900DB3F21ACEB0502521C13B20A1AB4
:10338000521C12B2002B3BDD002A39DDC21700EBC4
:1033900052784FEAE802CB1728F00708A0EB08089C
:1033A0004FF0FF0E0EFA08F0C0B201EB5379009017
:1033B00029F00700081AC0F107002EFA00F10B9857
:1033C0004FEAE903D0B91DE010461C4E12E0FF247D
:1033D000904200D1009C984200D10C40082807D2AE
:1033E00006EBC01717F8058048EA040807F80580BF
:1033F000401C00B29842EADD6D1C2DB26545E3DD4C
:10340000BDE8FC8F354609E021462846FFF772FFEC
:1034100059462846FFF76EFF6D1C2DB2AA45F3DA18
:1034200009E021463046FFF765FF21460198FFF786
:1034300061FF641C24B2A742F3DAE1E71007002021
:103440002DE9FF4F85B01D46DDE91247160067D014
:10345000002D65D006EBD670B4EB600F04DC05EBF5
:10346000D570B4EB600F07DDAE4201DA104600E024
:10347000184600EBD0704410002C05DC0097DDE905
:1034800005012B46324649E06FF0590ACDE900A705
:103490000698B423204401B205988946204400B21E
:1034A00080462246FFF784FD0020CDE900070598FD
:1034B000494630440290001B401E00B283465346EA
:1034C0002246FFF775FDB420CDE9000706985A2380
:1034D00028440390001B401E01B28A464046224603
:1034E000FFF766FD5A20CDE90007514658460023F4
:1034F0002246FFF75DFDB7B1644206EB44000127A9
:1035000002B240462B4600970699FFF70FFF05EBE6
:10351000440003B20097494632460598FFF706FF7C
:1035200009B0BDE8F08F069B5A4640461946FFF7A2
:103530006BFE03985A46401E01B20B464046FFF709
:1035400063FE059A534649461046FFF75DFE029812
:1035500009B053464946BDE8F04F401E00B202464E
:10356000FFF752BE2DE9F04FFE4DDFF8FC83DFF888
:10357000FC93A878DFF8F8B3FE4C91B020B9FE4870
:10358000C4E9040BC4E90698F64B2C3B986A002862
:103590007ED090F910000021FFF75AF90746986A8B
:1035A000012190F91000FFF753F90646A8784FF073
:1035B000000A012808D0E16841456AD0A168494560
:1035C000FBD061685945F8D0E6484FF0804B2C3865
:1035D0005D46806A5946007A0028E06860D004F0B1
:1035E000C5FE05F02DF80FFA80F92946A06804F011
:1035F000BDFE05F025F80FFA80F84FF07E516068A7
:1036000005F0F2F905F01CF805B24FF07E51206884
:1036100005F0EAF905F014F80222CDE9002A00B21B
:103620004B4642462946FFF70BFFE06805F008F8D5
:103630000FFA80F9A06805F003F80FFA80F86068C7
:1036400004F0FEFF05B2206804F0FAFF00B24B461A
:1036500042462946FFF76CFCDFF80883A8F12C08E6
:10366000D8F82890B9F91200400005F025F8A168B3
:1036700005F0AFF904F0E4FF05B24846FFF7FFF8A4
:1036800000287DD0012831D002287AD0032801E01B
:10369000DBE3DDE376D0042875D0052874D13FE262
:1036A00004F064FE04F0CCFF0FFA80F92946A0680C
:1036B00004F05CFE04F0C4FF0FFA80F84FF07E5176
:1036C000606805F091F904F0BBFF05B24FF07E5140
:1036D000206805F089F904F0B3FF00B24B4642467A
:1036E0002946CDF800A0FFF721FE9EE7D8F8280074
:1036F0008069006804F00EFECDE9000102239FA25C
:1037000031463846FEF70DFC04F0D6FFD8F8289075
:103710000546B9F91200400004F0CEFFA16805F09B
:1037200058F9294605F060F94FF0814105F05CF940
:1037300004F086FF05B2D9F81800006804F0EAFD2D
:10374000CDE9000102238DA231463846FEF7E9FBA0
:103750000690D8F82890D9F81800006804F0DAFD2F
:10376000CDE90401B9F9140004F0A6FF61680391E2
:1037700004F0FCFD04F064FF00B20190069804E040
:10378000F2E247E0C6E049E153E204F095FF009021
:10379000B9F9120004F090FF0690B9F9000004F0A6
:1037A0008BFFD4F80090494604F0E0FD4FF07E51C5
:1037B00005F01AF9069905F017F9009905F014F9C2
:1037C00004F03EFF01B20091E06804F039FF00B25E
:1037D0000D90A06804F034FF00B20C90039804F040
:1037E0002FFF00B20B90484604F02AFF0FFA80FC2E
:1037F000DDE90401CDE906010DF1080902235FA20C
:10380000F1B2F8B289E80F000DF12C09604699E891
:103810000E000CE2D8F828005AA23146C06990F98F
:1038200000303846FEF77DFB04F046FFD8F82890BC
:103830000546B9F91200400004F03EFFA16805F00A
:10384000C8F8294605F0D0F84FF0814105F0CCF8D2
:1038500004F0F6FE05B2D9F81C004AA2314690F9F0
:1038600000303846FEF75DFB0690D8F82890B9F98D
:10387000140004F021FF6168039104F077FD04F067
:10388000DFFE00B20090069804F016FF0190B9F92F
:10389000120004F011FF0490B9F9000004F00CFFCD
:1038A0002168029104F062FD4FF07E5105F09CF812
:1038B000049905F099F8019905F096F804F0C0FE16
:1038C00001B20191E06804F0BBFE00B20690A0686E
:1038D00004F0B6FE00B20C90039804F0B1FE00B202
:1038E0000790029804F0ACFED9F81C300FFA80FC67
:1038F0000DF1080993F9003022A2F1B2F8B289E87B
:103900000F00DDE90010CDE90001DDE90631604678
:103910000C9A02E1D8F828001AA23146006AB0F9E0
:1039200000303846FEF7FDFA04F0C6FED8F82890BD
:103930000546B9F91200400004F0BEFEA16805F08A
:1039400048F8294605F050F84FF0814105F04CF851
:1039500004F076FE05B2D9F820000AA23146B0F98B
:10396000003011E0740000200000F04100007042BF
:10397000000020C2E00B002000000842252E2A662D
:1039800000000000256400003846FEF7CAFA0690E1
:10399000D8F82890B9F9140004F08EFE61680391FC
:1039A00004F0E4FC04F04CFE00B20090069804F031
:1039B00083FE0190B9F9120004F07EFE0490B9F97B
:1039C000000004F079FE2168029104F0CFFC4FF072
:1039D0007E5105F009F8049905F006F8019905F003
:1039E00003F804F02DFE01B20191E06804F028FE16
:1039F00000B20C90A06804F023FE00B20B90039874
:103A000004F01EFE00B20790029804F019FE0FFAAF
:103A100080FCD9F82000B0F900106EE0D8F828003A
:103A2000406AAFF2A002036831463846FEF779FAE1
:103A300004F042FED8F828900546B9F9120040007B
:103A400004F03AFEA16804F0C4FF294604F0CCFF5C
:103A50004FF0814104F0C8FF04F0F2FD05B2D9F83F
:103A60002400AFF2E002036831463846FEF759FA07
:103A70000690D8F82890B9F9140004F01DFE61688A
:103A8000029104F073FC04F0DBFD00B20090069894
:103A900004F012FE0490B9F9120004F00DFE01903A
:103AA000B9F9000004F008FE2168039104F05EFCFF
:103AB0004FF07E5104F098FF019904F095FF0499AE
:103AC00004F092FF04F0BCFD01B20191E06804F043
:103AD000B7FD00B20C90A06804F0B2FD00B20B90EC
:103AE000029804F0ADFD00B20790039804F0A8FD21
:103AF0000FFA80FCD9F824000168AFF27813F0B215
:103B0000FAB2CDE90220CDE90431DDE90010CDE9BA
:103B10000001DDE90B236046079900F05CFB88E0BB
:103B2000D8F82800806AD0E90010AFF2A812CDE9D9
:103B3000001031463846FEF7F4F904F0BDFDD8F820
:103B400028900546B9F91200400004F0B5FDA168BF
:103B500004F03FFF294604F047FF4FF0814104F095
:103B600043FF04F06DFD05B2D9F82800D0E900103C
:103B7000AFF2F012CDE9001031463846FEF7D1F928
:103B80000690D8F82890B9F9140004F095FD616802
:103B9000009104F0EBFB04F053FD00B20E90069888
:103BA00004F08AFD0290B9F9120004F085FD03903B
:103BB000B9F9000004F080FD2168019104F0D6FB02
:103BC0004FF07E5104F010FF039904F00DFF0299AD
:103BD00004F00AFF04F034FD00B20F90E06804F036
:103BE0002FFD00B20590A06804F02AFD00B20D90F0
:103BF000009804F025FD00B20C90019804F020FD1F
:103C0000D9F828100FFA80FCD1E90001AFF28C231B
:103C1000CDE90601FAB20E98CDE90102F1B2CDE983
:103C200003130F980090DDE90C126046059B00F02D
:103C3000D2FAD8F82890B9F93A000690400004F07A
:103C40003BFDA16804F0C5FE04F0FAFC00B203904D
:103C5000B9F9380004F030FD0090B9F93C904846BD
:103C600004F02AFD0290E168606804F07FFB02998D
:103C700004F0BAFE009904F0B7FE04F0E1FC00B2D3
:103C80000290069804F018FD216804F06FFB04F020
:103C9000D7FC0222CDE9002ADDE9021200B24B4630
:103CA000FFF7CEFBD8F82800B0F93A00400004F046
:103CB00003FDA16804F08DFE4FF0814A514604F0E7
:103CC00093FEDFF8AC91D9F8001004F051FD0DD847
:103CD000D8F82800B0F93A00400004F0EDFCA168E3
:103CE00004F077FE514604F07FFE01E0D9F80000B1
:103CF00004F0A6FC00B20190D8F82890B9F9380079
:103D000004F0DAFC0590B9F93C00824604F0D4FCDA
:103D10000490E168606804F029FB049904F064FEF3
:103D2000059904F061FE4FF0804104F01FFB04F0A0
:103D300087FC0FFA80FBB9F93A0004F0BDFC21685A
:103D400004F014FB4FF0804104F010FB04F078FC09
:103D50000FFA80FC01200090AAF1040003B259463A
:103D60006046019AFFF7E2FAD8F82810CA68002ADC
:103D70006BD0C24631463846FEF7D3F88046A8429B
:103D80001DDD2169206804F027FC18D16169606895
:103D900004F022FC13D1A169A06804F01DFC0ED12F
:103DA000E169E06804F018FC09D1DAF828904FF0D6
:103DB0007C51D9F8400004F017FEC9F84000C8F162
:103DC000000004F079FCDAF82810D046096C04F001
:103DD000CFFD05D2681C04F06FFCD8F828100864E9
:103DE000D8F82890B9F9140004F066FC616804F072
:103DF000BDFA04F025FC0FFA80F8B9F9120004F0BE
:103E00005BFC216804F0B2FA0490D9F8401004F089
:103E1000ADFA04F015FC0FFA80FBE06804F010FC2A
:103E20000FFA80FA049804F00BFC04B2D9F80C00E5
:103E3000F1B2FAB2CDE90221CDE900B804905346BF
:103E40002A464146204600F0C6F911B0BDE8F08F81
:103E50000749C1F800A0C1F814A0C1F808A0C1F832
:103E600010A0C1F80CA0C1F804A0C3F828A0ECE78A
:103E7000580C002038B500204FF47A720021491CFC
:103E80009142FCD3401C9042F8D30121082001F05C
:103E9000E9FB14208DF8030003208DF802004FF495
:103EA00000500B4CADF8000069462046FEF712FCAE
:103EB0004FF48040ADF8000069462046FEF70AFC4A
:103EC000012000F00BFF012000F010FF38BD0000C2
:103ED000000C014070B500240646802525FA04F048
:103EE000304000D0012000F001FF012000F0F6FE7C
:103EF000002000F0F3FE641CE4B2082CEED3012095
:103F000000F0ECFEBDE87040002000F0E7BE10B508
:103F1000012000F0EBFE012000F0E0FE002000F0A8
:103F2000E5FEBDE81040002000F0D8BE10B500202E
:103F300000F0DCFE012000F0D1FEBDE810400120C1
:103F400000F0D4BE10B5FFF795FFAE2000F0F4FFEF
:103F5000D52000F0F1FFF02000F0EEFFA82000F0E7
:103F6000EBFF3F2000F0E8FFD32000F0E5FF00204A
:103F700000F0E2FF402000F0DFFFA12000F0DCFFB6
:103F8000C82000F0D9FFDA2000F0D6FF122000F0A0
:103F9000D3FF812000F0D0FFDF2000F0CDFFD9203B
:103FA00000F0CAFFF12000F0C7FFDB2000F0C4FFE3
:103FB000302000F0C1FFA42000F0BEFFA62000F0DA
:103FC000BBFF8D2000F0B8FF142000F0B5FFAF203C
:103FD00000F0B2FFFEF798FFBDE8104000F06ABEA7
:103FE0002DE9F0411C461546884603F016FF0646AB
:103FF0000F46404603F011FF32463B4603F066F998
:104000000C4A0D4B03F046FD00220C4B03F058FF09
:1040100003F0D4FE00B2A54204DAA84207DBA042B6
:1040200002DD04E0A842FADB0120BDE8F0810020B7
:10403000FBE700001F85EB51B81E09400080664079
:104040002DE9F05F544D4FF4005105F10409A878B3
:1040500089F80200E87889F80300287889F80000D8
:10406000687889F801004C464C48FEF784FB4C4EBA
:1040700028704FF480513046FEF77DFB6870B11513
:104080004848FEF778FBA8704FF400413046FEF731
:1040900072FBE8700746A078DFF80CA100264FF00D
:1040A000010B1E3C08B9A87810B16682A68218E000
:1040B000608A401C00B26082804604F0FDFA5045E0
:1040C00010DBA08A401C00B2A082B8F1820F01DB95
:1040D000012100E00521814203DCA68284F808B0BA
:1040E00000E0267299F8030000B917B1E682268332
:1040F00018E0E08A401C00B2E082804604F0DCFA5E
:10410000504510DB208B401C00B22083B8F1820F99
:1041100001DB012100E00521814203DC268384F8D4
:1041200009B000E06672A878B84201D126726672C2
:10413000606A0069FEF780FB8046606AB0F93A70F9
:10414000FEF714FAAA7899F80230384401B29A427C
:1041500001D0012A01D0227A0AB1491E09B2EA78B7
:1041600099F80300824201D0012A01D0607A08B197
:10417000491C09B2CA1B304662F31F40A8F1010274
:10418000914200DB11B2002900DC0021C91B61F360
:104190000F00BDE8F09F0000620000200010014009
:1041A000000C0140000801400100F0410FB470B55F
:1041B000A0B014460D46064628AA68462799FCF783
:1041C0007BF823466A462946304600F06CFB20B057
:1041D00070BC5DF814FB2DE9F04FA5B083462EA806
:1041E000914690E8F0008A46984633AA05A832998D
:1041F000FCF762F80DF1080C05A88CE8C1004346F5
:104200004A4651465846CDE9004500F011FB25B01D
:10421000BDE8F08FF0B5002A38DD002B36DD7F28B1
:1042200034DC3F2932DC8418802C02DDC0F18002AE
:1042300012B2CC18402C02DDC1F140031BB284182D
:1042400024D4CB1822D4002800DA002000291BDA5D
:10425000002119E0024613E0CD1701EB5577FE105F
:104260000B4D27F0070705EBC6151544A1EB070C0E
:104270002E78012707FA0CF77E40521C2E7012B2DE
:104280009442E9DC491C09B28B42E3DCF0BD00003A
:104290001007002001490870704700004700002007
:1042A00010B50C4640F0B00000F046FE102040EA89
:1042B000141000F041FE04F00F00BDE8104000F0C3
:1042C0003BBE000008B5082B10D0062B17D0072BDB
:1042D00021D00A2B1ED1154BC2EB021203EB420276
:1042E000A2F57072142300920A2211E0104B03EB26
:1042F0000212A2F5007210230092082208E00D4B72
:1043000002EB420203EB4202C03A0092082306226B
:1043100000F050F908BD084BC2EBC20203EB4202A9
:10432000A2F5E0720C2300920722F1E79E8C0008B0
:10433000C0970008E2A20008B09D0008F0B585B063
:10434000DDE90C54DDE90A67082C11D0062C19D0E0
:10435000072C27D00A2C23D1C5EB0514174D05EBEC
:104360004404A4F570748DE81F0014230A2213E09E
:10437000134C04EB0514A4F500748DE81F00102302
:10438000082209E005EB45040E4D05EB4404C03C52
:104390008DE81F00082306223946304600F0B0F9A8
:1043A00005B0F0BDC5EBC504074D05EB4404A4F50D
:1043B000E0748DE81F000C230722EDE79E8C0008B7
:1043C000C0970008E2A20008B09D00082DE9FF4F49
:1043D00087B00025DDE9169A9B462C46059581E0BD
:1043E00005A948556D1CEDB2022D79D30025BAF10F
:1043F000080F09D0BAF10C0F0AD0BAF1100F0BD088
:10440000BAF1140F0CD06BE0DFF89481002612E0B3
:10441000DFF8908100263AE0DFF88C81002670E01A
:10442000DFF88881002698E0384605A9FCF7E0F817
:1044300068B1761CF6B206EB460000EBC60101EB54
:10444000080007465AA1FCF7D3F80028ECD106EB88
:10445000460000EBC60101EB0803DDE90812DB1C96
:1044600001A8049380E8060807980090601C4108A2
:10447000149800EBC1000838082300B21A462CE05B
:10448000384605A9FCF7B4F868B1761CF6B206EB1D
:10449000C60000EB400101EB0800074644A1FCF711
:1044A000A7F80028ECD106EBC60000EB4001DDE9DF
:1044B000082301EB0800C01CCDE903B0CDE90123BE
:1044C00007980090601C400800EB4001149800EB36
:1044D00081000C380C2300B21A46159900F010F92F
:1044E000641CE4B219F8040000287FF479AF0BB023
:1044F000BDE8F08F384605A9FCF77AF868B1761C5C
:10450000F6B2C6EBC60000EB800101EB08000746DF
:1045100027A1FCF76DF80028ECD1C6EBC60000EB34
:104520008001DDE9082301EB0800C01CCDE903B0E0
:10453000CDE9012307980090601C4108149800EB16
:1045400001101038102300B21A46C6E7384605A9F4
:10455000FCF74EF858B1761CF6B2C6EB861101EBAB
:104560000800074612A1FCF743F80028EED1C6EB7D
:104570008611DDE9082301EB0800C01CCDE903B07A
:10458000CDE9012307980090601C400800EB8001F2
:10459000149800EB81001438142300B21A469CE7EB
:1045A000FBC900087CBE0008E8B100081CA5000893
:1045B000000000002DE9FC4F1F46DDF82CA0140080
:1045C0000D4606467BD0002F79D07F2E77DC3F2D1D
:1045D00075DC002E00DA0020C0B2002D00DA0021C8
:1045E00001F0FF0C31194A1E7F2A01DD7F2100E016
:1045F000491ECAB2E9194B1E3F2B01DD3F2100E0E5
:10460000491EC9B2A1EB0C03121A6146521C5B1C75
:10461000FEF78EFC7F1EF917002007EB5172012177
:10462000DFF8D89001EBE20743E000213DE072188B
:1046300012B205EBC0031BB2802A34D2002B32DB4E
:104640003F2B30DC4FEAE37C03EB5C7E4FEAEE0865
:1046500009EBC81C0CEB020B00FB04F29BF800C03A
:104660000AEB0108CDE9008212F808202EF00708B5
:10467000A3EB080E02FA0EF24CEA020C08335A467B
:104680008BF800C03F2B0EDC02F18008DDE900C290
:104690009BF8803012F80C20CEF1080C22FA0CF2B4
:1046A000134388F80030491CC9B2A142BFD3401C53
:1046B000C0B28742B9DC002D1EDA00201AE01BE0F0
:1046C00031180AB2802A13D26942CF1701EB577111
:1046D000CF100AEB000307FB043321F007011B781E
:1046E0002944494219F80270CB403B4309F8023093
:1046F000401CC0B2A042E3D3BDE8FC8F10070020ED
:104700002DE9FF4F8946DDE90D16DDE90F4C002A42
:104710007ED0002B7CD0002C7AD0BCF1000F77D05B
:104720007F2875DC7F297FDCB9F13F0F7CDC3F2ED1
:104730007ADC884201DA0D4600E005460C44AE46BC
:104740008718651E791E8D4201DA611E00E0791E10
:104750000DB24946B14501DA374600E00F4606EB97
:104760000C0409EB030C661EACF101018E4201DA68
:10477000314601E0ACF1010109B27F2D00DD7F255A
:1047800000953F2900DD3F218B46AE454CDC5F455F
:104790004ADC00215B1EDC1703EB5473039340E0FB
:1047A000002439E00319DEB2764533DB009B9E42DC
:1047B00030DC002309EBC10A0AEB0305EDB2BD4270
:1047C00022DB5D4520DC4FEAD50C05F0070502959C
:1047D000DDF8448001FB02F5A04415F808800125AE
:1047E0009D4015EA080F0FD0104D4FF0010805EB62
:1047F000CC15019515F806C0029D08FA05F8019D33
:104800004CEA080C05F806C05B1CDBB2082B00E084
:104810000AE0D1D3641CE4B29442C3DB491C039B7D
:10482000C9B2B1EBE30FBBDDBDE8FF8F100700207D
:104830002DE9FF4F85B09A46DDE91447DDE91258AE
:1048400093460DF11009169E27E0010618D50020A9
:104850004946225C0A54401CC0B20228F9D3CDE973
:104860000217CDE9005800208DF81200DDE905019E
:1048700053465A46FFF7AAFDE81905B2A41C0CE0FE
:10488000CDE90206CDE90058DDE9050153465A4657
:10489000FFF754FDA81905B2641C20780028D4D174
:1048A00009B0BDE8F08F2DE9F0411E461546884657
:1048B0000746002408E004FB067000B23346414678
:1048C000FFF700FD641CE4B22A5D002AF3D1BDE8C5
:1048D000F081FDF713BB000070B5174E04460020B1
:1048E000B16A11B9154908602064134901222C31BD
:1048F0008A700880B4F9000003F0DEFE0F4D783DA9
:10490000A861B4F9020003F0D7FEE861B4F9000031
:10491000C0F1800000EBD070401003F0CDFE2861A4
:10492000B4F90200C0F1400000EBD070401003F079
:10493000C3FE6861B46270BD48000020580C0020BE
:104940002DE9F04F85B01C46DDF8389017460D462E
:10495000060002D5104407B20026002D02DA5818CE
:1049600004B20025F019802802DDC6F1800007B2EC
:104970002819402802DDC5F1400004B2002F43DDB4
:10498000002C41DDA9F1010005283DD21422204967
:104990006846FBF7FBFDF01902B2281903B22C465A
:1049A00030E0E01704EB50704FEAE00B20F0070016
:1049B000201A0121814001F0FF0A30461EE0811BD0
:1049C00001EBD17727F00107CF1B611B01EBD17CF5
:1049D0002CF0010CA1EB0C01E84608EB890C0CEB68
:1049E0004101394411F8041C31B10A4901EBCB11E2
:1049F0000F5C27EA0A070F54401C00B29042DEDB2E
:104A0000641C24B29C42CCDB05B0BDE8F08F0000F2
:104A1000F4D200081007002038B50E48406A4068FC
:104A2000B0F5000F03DABDE83840FEF76DBA012497
:104A300060B200210090402380220846FFF780FFEB
:104A400000F038F92820FDF701FD641CE4B2052CC4
:104A5000EED938BD480000202DE9F84380461048C3
:104A60001D461646406A0F464068B0F5000F03DA4F
:104A7000BDE8F843FEF748BA012460B200902B4627
:104A8000324639464046FFF75BFF00F013F9282015
:104A9000FDF7DCFC641CE4B2052CEED9BDE8F8831C
:104AA0004800002010B50446FFF74CFA01F0B0FEB4
:104AB000FDF73EFFFDF776FD02484462BDE8104079
:104AC000FDF7DABB480000202DE9F047FDF79AFE1C
:104AD0005D4CD4F828A0FDF78BFE04F12C080028CB
:104AE0007DD0FDF79FFE002879D0FFF7A9FA98F84E
:104AF00002104FF00009012908D1021401D0A8F8D2
:104B00000090E18969F30F001144E18106B2002EA3
:104B100022DA002577421DE0606A017881B9818F31
:104B200019B9408F40B1FDF75BFF616AB1F93C00F4
:104B3000002801DD401E8887606A418F491E418739
:104B4000606A0178012904D1418F491E4187FDF730
:104B500073FF6D1CAF42DFDC002E2FDD00252BE044
:104B6000606A0078F0B9FDF717FE616A401EB1F97E
:104B70003C20904209D10869FDF75EFE616AB1F9F7
:104B80003A10884201D0FDF76DFFFDF705FE616A1E
:104B9000401EB1F93C20904201DD521C8A87488FAB
:104BA000401C4887606A0178012904D1418F491C63
:104BB0004187FDF72BFF6D1CAE42D1DC224D1A352B
:104BC0002F1D68787978884212D0012810D198F882
:104BD00002004646012803D0FDF790F908E022E0E4
:104BE0001A49DAF8040003F0F7FD03F029FD3080DC
:104BF00028783978884216D0012814D198F8021004
:104C000001291ED0FDF722FD606A0269B0F93A0061
:104C100000EB40010C2000EBC100105818B10178E6
:104C200069B10021017098F80200012805D100BF88
:104C3000B8F80010491CA8F80010BDE8F087012161
:104C4000F0E7A8F80090F3E7480000200000484291
:104C500010B500F007FFFEF757F9FDF719FF00F058
:104C6000E7FE00F005F8BDE8104000F023B80000B2
:104C700038B50E4C2088401C2080A4F14000C0783C
:104C8000002811D0B4F9023009A206210820FDF74E
:104C900048F9B4F90210C0F18000009100B204A3F9
:104CA00006223721FFF782FA38BD00008800002075
:104CB0002564000070B5084D002400212046FFF750
:104CC000EFFA05EBC410802100F048F9641CE4B24F
:104CD000082CF2D370BD00001007002002464FF4EC
:104CE00000510148FDF752BD000C014002464FF44F
:104CF00080410148FDF74ABD000C01402DE9F0411B
:104D00008B4C4FF00008A56A85B18A49686803F0AA
:104D100063FD03F095FC04F12C0100B2B1F9002011
:104D2000904203DC81F80280A1F800802846FDF75C
:104D3000A6FD00282BD0012808D0022828D003285F
:104D400059D004287ED0052821D1B9E0B4F90E004D
:104D500003F0B2FCA56AE96A03F03EFDAD6929687B
:104D600003F004FB2860A16A096B03F001FD03D87E
:104D7000A06A016B80690160A06A416B806900686C
:104D800003F0F6FD03D8A06A416B80690160CAE0B8
:104D9000B4F90E0003F090FCA66AF16A03F01CFD62
:104DA000F669054696F9000003F086FC294603F0F3
:104DB000DDFA03F045FC40B23070A56A03F07CFCDC
:104DC000296B03F0D5FC05D8A56A286B03F038FCE5
:104DD000E9690870A56AE86990F9000003F06CFCC5
:104DE000696B03F0C5FD05D8A56A686B03F028FC64
:104DF000E969087097E0B4F90E0003F05DFCA66A5B
:104E0000F16A03F0E9FC366A0546B6F9000003F0E2
:104E100053FC294603F0AAFA03F012FC00B23080DA
:104E2000A56A03F049FC296B03F0A2FC05D8A56A2A
:104E3000286B03F005FC296A0880A56A286AB0F986
:104E4000000000E00CE003F037FC696B03F090FD1C
:104E500069D8A56A686B03F0F3FB296A088062E0F1
:104E6000B4F90E0003F028FCA66AF16A03F0B4FC62
:104E7000766A0546306803F01FFC294603F076FA8F
:104E800003F0DEFB3060A56A03F016FC296B03F02B
:104E90006FFC05D8A56A286B03F0D2FB696A08602D
:104EA000A56A686A006803F007FC696B03F060FD9F
:104EB00039D8A56A686B03F0C3FB696A086032E001
:104EC000B4F90E0003F0F8FBA56AE96A03F084FC6C
:104ED000AF6A0646D7E9000103F009FC314603F04A
:104EE00045FA03F0F7FDC7E9000103F000FC296B68
:104EF00003F03EFC06D8A56A286B03F0EBFDAA6A16
:104F0000C2E90001A56AA96AD1E9000103F0EFFB3B
:104F1000696B03F02DFD06D8A56A686B03F0DAFD16
:104F2000AA6AC2E90001A4F80E80BDE8F081000081
:104F3000480000200000484210B50446FEF7E7FF95
:104F40007820FEF7C7FF0020FEF7C4FF2046FEF7DB
:104F5000C1FFBDE81040FEF7E9BF00002DE9F041B8
:104F60000E460546FEF7D3FF7820FEF7B3FF40203C
:104F7000FEF7B0FF0024094F09E038780028285DCB
:104F800001D1C043C0B2FEF7A5FF641CE4B2B44235
:104F9000F3D3BDE8F041FEF7C9BF00004700002091
:104FA000704700002DE9F04FFE48B9B03022446A46
:104FB000FD4929A8FBF7EAFAFB496022F0390DA860
:104FC000FBF7E4FA2078022879D02069FDF734FC59
:104FD000074694F90A000021FDF73AFC089094F97D
:104FE0000A000121FDF734FC0546DDE92901CDE980
:104FF0000B0120784FF0140900287DD1804694F8E9
:105000002C00012828D14FF080463146109803F03B
:10501000ADF903F015FB0FFA80FB31460F9803F052
:10502000A5F903F00DFB0FFA80FA4FF07E510E98B0
:1050300003F0DAFC03F004FB06B24FF07E510D984A
:1050400003F0D2FC03F0FCFA0021009100B25B46B1
:1050500052463146FEF76AF994F82D00012801D135
:1050600005F1020800264FF00C0ADFF840B31BE000
:10507000089803F021FB0C9903F078F910F1FF4F29
:1050800003D20C98B0F1854F1ADD94F90A0003F0B1
:1050900013FBC5493031096803F068F90C9903F036
:1050A00065F9761C36B20C90BE42E1DBBE4EA16AB9
:1050B000303E306803F05CFC7ED2A06A37E101E24A
:1050C00006EB460021690990019051F830202946ED
:1050D0000898FCF726FF369000950BAA314620462B
:1050E000089BFDF7CFF9019822690AEBC000105820
:1050F000E8B30899891C00E051E137910078012854
:1051000045D0ABA000900C9803F09AFA00B204903E
:10511000379803F0D1FA02900F990B9803F026F913
:10512000029903F061FCA34903F05EFC03F088FAE6
:1051300000B23890109803F083FA00B228905946D4
:105140000F9803F051FC03F07BFA00B227900E9801
:1051500003F076FA00B226900D9803F071FA0FFA78
:1051600080FC0898EAB2C3B20498009900E010E00D
:10517000CDE90103CDE903213898009060460DF197
:10518000980C9CE80E00FFF726F8379803E08AA0F9
:10519000B8E70020379003F08FFA25900190404641
:1051A00003F08AFA009003901399119803F0DEF847
:1051B000594603F019FC00E0B8E04FF0804103F0DD
:1051C00013FC2B9903F010FC039903F00DFC0199DB
:1051D00003F00AFC0290369803F06EFA029903F08D
:1051E000C7FB41D20F99139803F0F6F91DD10D9921
:1051F000119803F0F1F918D11099149803F0ECF913
:1052000013D10E99129803F0E7F90ED1099A20698B
:1052100009EBC2010290019140584FF07C5103F01C
:10522000E3FB0246DDE901010A503698404203F0F3
:1052300043FA099A236909EBC2010491595803F012
:1052400097FB11D2009801901399119803F08EF8F2
:10525000594603F0C9FB0B9903F0C6FB019903F013
:10526000C3FB2269049950500C9803F0E9F901B28C
:1052700037910B99009803F079F80999236909EBA4
:10528000C1010193595803F071F803F0D9F901B243
:105290003691109803F0D4F900B227902598039026
:1052A0004048406AB0F92E0003F006FA28900290B8
:1052B0000098259059460F9803F096FB259903F026
:1052C00093FB029903F090FB4FF0804103F08CFBBD
:1052D000039903F089FB03F0B3F900B226900E980E
:1052E00003F0AEF900B22590289802900D9900982D
:1052F00003F03CF8029903F039F803F0A1F9019B9F
:10530000099900B253F831200899EBB201F0FF0C73
:105310003799CDE9011CCDE9033236990DF1940C92
:1053200000919CE80E00FEF756FFAEE6306803F0F1
:1053300087F90FFA80F80E9803F082F906B20F99F8
:105340000D9803F013F81D4903F04EFB03F078F9B4
:105350000121009100B2434605223146FDF7E6FFE8
:105360000E99109803F002F84FF07E5103F03CFBC9
:1053700003F066F90FFA80F80F990D9802F0F6FF26
:105380000F4903F031FB03F05BF906B20E9803F00E
:1053900057F901B2304643460246FDF735FF207803
:1053A00001280FE048000020700C00200000C040E1
:1053B000A1F5000000001041A1F600000000A0408F
:1053C000000040407ED100264FF0100B4CE000BFA3
:1053D000B4F93600824603F06FF90B9903908846C2
:1053E00002F0C4FF10F1FF4F02D2B8F1864F06DD84
:1053F00088490398096802F0B9FF41462FE00C98EC
:1054000003F01EF900B22690404602F083FF02F03E
:105410002BF802F0D3FC0FFA80FC06EB4602216960
:105420000BEBC200085800B97B48B4F93210B4F94C
:1054300034300022CDE901210092CDE90330B4F9E6
:105440003830524660462699FFF75AF9B4F93600CB
:1054500003F032F96F49096802F088FF0B9902F0F6
:1054600085FF761C36B20B90BE42B1DBB4F9320038
:10547000B4F934200021CDE901100091674B00EB15
:10548000D0716FF0020000EB6100CDE9032300B2A0
:10549000052306220021FFF733F9B4F93A102069F9
:1054A00001EB410150F8312029460898FCF739FDFD
:1054B0000646584FB4F93200303FB0421BDAB968A3
:1054C000386800E09FE003F087F816D1F968786843
:1054D00003F082F811D1B4F93A10206901EB4102CE
:1054E00009EBC2078046C0594FF07C5103F07CFAAB
:1054F00048F8070001E000F04FFC704203F0DCF8D0
:10550000B4F93A10226901EB410109EBC1014F46A0
:10551000515803F02DFA0DD2B4F93200401C03F0BB
:10552000CBF8B4F93A20014602EB4202206907EBBE
:10553000C2028150B4F93280B4F93A002169B04511
:1055400000EB400003DA07EBC000085818E051F800
:10555000302029460898FCF7E4FC08EBD871491084
:1055600000EBD070A1EB600003F0A6F8B4F93A109C
:10557000226901EB410107EBC101515802F0F6FE2F
:1055800003F05EF8B4F93A20216902EB4202B4F963
:10559000343051F8326094F90A2000B29A1A12B2EB
:1055A000CDE90002089902AAEDB2C9B282E8620010
:1055B0000021B4F932200846FEF70DFEB4F934009C
:1055C000802801DB052500E00325124860380068CB
:1055D00003F036F802B201200090208F2B460A30EB
:1055E00001B20020FDF7A2FE218F05EBD5720A2043
:1055F00000EB6200084403B2608E1946401E02B2FE
:105600000020FDF701FEA069002800D0804739B0D6
:10561000BDE8F08FA00C002053CC00084DCC000852
:10562000034A516821F44041014351607047000032
:1056300000100240044A0029516901D0014300E0F2
:10564000814351617047000000100240044A002964
:10565000D16901D0014300E08143D161704700006E
:1056600000100240044A0029916901D0014300E082
:105670008143916170470000001002400C480168AE
:1056800041F00101016041680A4A1140416001682E
:10569000094A11400160016821F4802101604168DC
:1056A00021F4FE0141604FF41F018160704700004A
:1056B000001002400000FFF8FFFFF6FE30B51F4962
:1056C0004A6812F00C031E4A03D0042B01D0082BA9
:1056D00021D002604A680F231A4C03EA1212A35C1D
:1056E0000268DA4042604B68072505EA1323E35C51
:1056F00022FA03F383604B6805EAD323E35CDA40C4
:10570000C2604968032303EA9131231F595CB2FB4D
:10571000F1F1016130BD4A684B6802F470124FF03C
:10572000020413F4803F04EB924202D04B689B03C7
:1057300001D5054B00E0024B5A43CAE70010024076
:1057400000127A003700002000093D0002460020C8
:1057500053090949012B0BD0022B0BD0D1F824108F
:1057600002F01F02012393400B4200D0012070473A
:105770000968F5E7096AF3E700100240024840684B
:1057800000F00C007047000000100240034A51680E
:1057900021F0F00101435160704700000010024009
:1057A0000B490A6822F480320A600A6822F48022D7
:1057B0000A60B0F5803F07D0B0F5802F03D10868AC
:1057C00040F4A02008607047086840F48030F9E792
:1057D0000010024010B5FFF751FF4FF4803420460F
:1057E000FFF7DEFF00F056F8012823D10020FFF775
:1057F000CDFFA01100F020F8002000F027F80220D3
:10580000FCF75EFF1020FCF74FFF4FF4E01120463D
:1058100000F02CF8012000F023F83920FFF796FF64
:105820000028FAD0022000F02BF800BFFFF7A6FFF7
:105830000828FBD110BD0000034A516821F4E06143
:1058400001435160704700000010024003494A685C
:1058500022F4605242EAC0004860704700100240E3
:10586000014908667047000000004242034A53683D
:10587000084323F47C131843506070470010024023
:10588000034A516821F00301014351607047000051
:105890000010024018B500204FF4A06400903120A1
:1058A000FFF754FF0099491C0091A14201D0002844
:1058B000F5D03120FFF74AFF002800D0012018BDA5
:1058C00070B51048008902F03FFF0F4902F084FFD5
:1058D0006FF00B0103F0A5F9012103F0A2F90B4CC5
:1058E0000546014660602068064603F07DF80849D9
:1058F000884204D80749884201DC666070BD256093
:1059000070BD0000E406002033334340180000203F
:105910008FC2F5BC8FC2F53C2DE9FF4F981E0FFAE0
:1059200080FA81B0901E00B28B4600900BF101000E
:105930000FFA80F801981746401C0FFA80F9019879
:105940001E463844401E05B20BEB06000E99401E61
:1059500004B2062904D2DFE801F00307242F5666BB
:1059600033463A46594658E0032FF9DB032EF7DB5E
:1059700001231A4659460198FEF74CFC012328469C
:105980001A465946FEF746FC012321461A4601985D
:10599000FEF740FC0123214628461A46FEF73AFC52
:1059A000DEE733463A4659460198FEF733FC534644
:1059B00041464846009A31E033463A4659460198F6
:1059C000FEF728FC534641464846009AFEF722FC63
:1059D000032F0BDB01231A4659460198FEF71AFCE8
:1059E000012328461A465946FEF714FC032E1ADBFB
:1059F000012321461A460198FEF70CFC012321469B
:105A000028461A460AE009480121406A90F90A002E
:105A1000FCF71EFF024633464146019805B0BDE83B
:105A2000F04FFEF7F7BB05B0BDE8F08F480000204F
:105A300010B50B4C2078012810D1606A042201694E
:105A4000B0F93A0000EB400002EBC0000858804774
:105A500000202070BDE81040FCF782BD10BD0000A2
:105A6000480000202DE9F05F6A4D95F901000028FB
:105A70007DD06C6A684F4FF0010994F90010A7F1CE
:105A8000300A4FF00808002621B101297DD00229F3
:105A900053D19AE04FF08041012802D002283CD037
:105AA00049E084F84890B4F93A00226900EB4003D9
:105AB00008EBC300C3461058007888B1FEF7ACFF6E
:105AC0003E60686ADAE91A21C0E910210169B0F97B
:105AD0003A0000EB40020BEBC2000858686251E04C
:105AE000A06A02F081FF02F0ABFD0FFA80F94B498A
:105AF000606A02F079FF02F0A3FD07B2206A02F0AB
:105B00009FFD0FFA80F8E06902F09AFD00B24B4663
:105B10003A464146FEF7A0FFD3E7E068007888B137
:105B2000FEF77AFF3E60686AC068686290F84800D5
:105B300040B3FCF753FB00F013F96E70BDE8F05F63
:105B4000FCF70EBDA06A02F04FFF02F079FD0FFADC
:105B500080F93249606A02F047FF02F071FD0FFAE6
:105B600080F8206A02F06CFD07B2E06901E04FE0C6
:105B70000BE002F065FD00B24B4642463946FEF7A7
:105B80006BFFD0E7FCF778FBD5E7FEF745FF95F90B
:105B90000100012810D1686A80F84890DAE91A21DA
:105BA000C0E910210169B0F93A0000EB400208EBAE
:105BB000C2000858686202E0022821D01EE0FCF70B
:105BC0005BFB1BE0FCF70AFB18E0FEF725FF95F9ED
:105BD00001000128F0D1686A80F84890DAE91A21BA
:105BE000C0E91021016949B1B0F93A0000EB400267
:105BF00008EBC200085868620028E0D13E609AE7CE
:105C0000686AC068686290F848000028DAD1D6E770
:105C1000BDE8F09F48000020400C00200000A0409C
:105C200010B586B001210420FFF71CFD01210803F7
:105C3000FFF718FD01210846FFF714FDE020ADF83D
:105C4000140018208DF8170001208DF8160005A902
:105C50001448FCF73FFD4FF48270ADF802000020BD
:105C6000ADF808004FF40071ADF80A101021ADF83E
:105C70000C10ADF80400ADF80000ADF80600ADF86A
:105C80000E000720084CADF810006946204600F0D1
:105C90004AF80121204600F031F8FF2000F006F814
:105CA00006B010BD000801400030014070B5064646
:105CB0000024114D03E0641CE4B2C82C0FD802216B
:105CC000284600F025F80028F5D03146284600F097
:105CD00028F8002405E0641CE4B2C82C01D9002097
:105CE00070BD0121284600F013F80028F3D02846A3
:105CF00000F015F8C0B270BD0030014000290188E5
:105D000002D041F0400101E021F0400101807047E4
:105D10000246002012890A4200D001207047808983
:105D200070478181704730B502884C8802F4415336
:105D30000A88CD8822438C882C4322430C89224335
:105D40004C8922438C892243CC8922431A43028006
:105D5000828B22F400628283098A018230BD7047FF
:105D600005480021016141618161C16101604160BB
:105D70008160C16070470000200B002002490120B3
:105D80000870FCF7E7BB000048000020014948709C
:105D9000FCF7E0BB4800002070B50C48446A002CBA
:105DA00013D02069002810D000231D46142607E0D8
:105DB00003EB4301206906EBC1015B1C45501BB29C
:105DC0002069FCF739FD9842F2DC70BD48000020E4
:105DD0000CB50021264801910091026842F48032FE
:105DE00002604FF4A063026802F400320092019A4C
:105DF000521C0192009A12B9019A9A42F3D1026898
:105E0000920333D5012100911A490A6842F0100229
:105E10000A600A6822F003020A600A6842F002027D
:105E20000A604168416041684160416841F48061B5
:105E30004160416821F47C114160416841F4E811FE
:105E40004160016841F08071016001688901FCD501
:105E5000416821F003014160416841F00201416065
:105E60004168C1F381010229FAD10CBD00910CBD3A
:105E700000100240002002402DE9F047794C7A4D95
:105E8000676A387800287CD105F5A8784FF07E59EC
:105E900046464946D8F8080002F0A6FD2861B7F941
:105EA000140097F90A100844B7F93A10484302F071
:105EB00003FCF16802F05AFA494602F095FD686168
:105EC00097F90A00801C02F0F7FBE86197F82D00B3
:105ED0000026012806D197F90A000121FCF7B8FC39
:105EE000801C46B2606A00210C27B0F93A30026982
:105EF00003EB430307EBC303D2582AB190F90A001E
:105F0000FCF7A6FC801C41B2084602F0D5FB074610
:105F1000304602F0D1FB814653484E46603001685E
:105F2000806802F023FAD8F8001002F05DFD4F49B6
:105F300002F05AFD314602F057FD314602F016FAE2
:105F4000394602F051FD02F0E5F90646606A0F4657
:105F5000C84690F90A000121FCF77AFC0346606A02
:105F6000002190F90A00FCF773FC616A0A69B1F933
:105F70003A1001EB410152F831201946FBF7D1FFED
:105F800000E011E002F098FB4FF0804102F0EEF9E2
:105F9000414602F0EBF902F0BDF932463B4601F012
:105FA00011FB01F0EDFBA861606A017801294FD176
:105FB000B0F9326090F90A00FCF74AFC0346606AC7
:105FC000002190F90A00FCF743FC616A0A69B1F903
:105FD0003A1001EB410152F831201946FBF7A1FFBD
:105FE00006EBD671491000EBD070A1EB6000401EAB
:105FF00002F062FB2861666AB6F9340096F90A106D
:10600000401A401E02F058FB686196F90A00801C95
:1060100002F052FBE86196F90A000121FCF718FC36
:106020000346606A002190F90A00FCF711FC06465D
:10603000606A0169B0F93A0000EB400051F8302085
:1060400019463046FBF76DFF801C02F035FBA86156
:10605000606A0078022803D1BDE8F047FFF780BEF0
:10606000BDE8F08748000020200B00200000C04061
:106070000B4810B5406A0178022909D00949C26964
:106080000A61026A4A61426A8A61806AC86110BD17
:10609000054B044C0FCB103484E80F0010BD0000FA
:1060A00048000020800B002008D300082DE9F041B3
:1060B000534DAC6A2046FCF7E2FB002864D0514EF9
:1060C0004FF0814806F17807012827D0022841D0F7
:1060D00003285BD004287AD0052855D1B4F93A00BA
:1060E000400002F0E9FAB16802F073FC414602F0A8
:1060F0007BFC0646D4E90C80414602F075FC044660
:10610000A86A816AD1E9000102F0F1FA414602F081
:106110006BFC214602F09EF9314632E0B4F93A00B8
:10612000400002F0C9FAB16802F053FC414602F0A7
:106130005BFC0546D4E90C60314602F055FC804614
:10614000A0693146006802F04FFC414602F082F936
:10615000294616E0B4F93A00400002F0ADFAB16801
:1061600002F037FC414602F03FFC0646D4E90C80C1
:10617000414602F039FC0446A86AC06990F9000063
:106180003AE002F029FB7860BDE8F081B4F93A000A
:10619000400002F091FAB16802F01BFC414602F0A7
:1061A00023FC8046D4E90C60314602F01DFC044615
:1061B000A86A006AB0F9000002F07EFA314602F0E7
:1061C00013FC214602F046F94146DAE7FFE7B4F94D
:1061D0003A00400002F070FAB16802F0FAFB414662
:1061E00002F002FC0646D4E90C80414602F0FCFBBA
:1061F0000446A86A406A006802F05EFA86E700007A
:1062000048000020E00B002070B5174C174D606A65
:1062100090F9001029B1012916D0022923D10020BC
:1062200020E00069FCF708FB02F046FA646A0646C3
:10623000B4F93A00401C02F03FFAA16A02F0CCFA2D
:10624000314602F007F90DE00069FCF7F5FA616AE2
:10625000B1F93220B1F93A10491C4A4392FBF0F0EF
:1062600002F02AFA686070BD48000020400C00204F
:106270002DE9F041304886B08168006802F0B4FB37
:1062800020F0004000242D4DB0F1814F01DAAC60C8
:10629000EC602A4E2A48303606F13007C6E902047F
:1062A0004FF08640C7E902042448FBF777FF68688F
:1062B00002F0C6F90FFA80F8286802F0C1F98025CB
:1062C0002049CDE901450094CDE9035100B24023B6
:1062D00020224146FEF714FA3046FBF75FFF706854
:1062E00002F0AEF90FFA80F8306802F0A9F9164909
:1062F000CDE901450094CDE9035100B240231A22B3
:106300004146FEF7FDF93846FBF748FF786802F092
:1063100097F906B2386802F093F90C49CDE90145C6
:106320000094CDE9035100B2402310223146FEF71C
:10633000E7F906B0BDE8F081700C0020B80C002031
:1063400000000143F2D1000822D10008A2D00008C9
:106350000148FEF7C1BA0000680100200248016848
:10636000491C016070470000140000200F4810B560
:10637000016841F00101016041680D4A114041602E
:1063800001680C4A11400160016821F4802101601C
:10639000416821F4FE0141604FF41F018160FFF765
:1063A00017FD05494FF00060086010BD0010024065
:1063B0000000FFF8FFFFF6FE08ED00E070B5048C6A
:1063C00024F001040484058B048C4FF6FF7606EA62
:1063D0000313134325F0F3050E4A2B4390420ED0CE
:1063E0000D4A90420BD0B0F1804F08D00B4A90423A
:1063F00005D00B4A904202D00A4A904202D124F0C2
:10640000020201E024F00A020A4342F00101038380
:10641000018470BD002C01400034014000040040A4
:1064200000080040000C0040F0B5048C24F010047B
:106430000484078B048C4FF6FF7527F4734705EA35
:1064400003333B4305EA02221A43114B05EA0116C6
:1064500098420ED00F4B98420BD0B0F1804F08D02D
:106460000D4B984205D00D4B984202D00C4B9842F0
:1064700005D124F02001314341F0100104E024F063
:10648000A0030B4343F0100102830184F0BD000020
:10649000002C01400034014000040040000800408E
:1064A000000C004010B5084C0121204600F043F8D4
:1064B000012807D1FEF708FB2046BDE81040012166
:1064C00000F011B810BD0000000400400029018850
:1064D00002D041F0800101E021F08001018070478D
:1064E000C94301827047C94301827047002901886E
:1064F00002D041F0010101E021F00101018070476B
:1065000070B50589048B068C25F007050D434FF601
:10651000FC410C4040F201110C434FF6FF7101EABF
:10652000031126F0220611433143058104830184BF
:1065300070BD808C704702460020138A92890B42FE
:1065400002EA010202D0002A00D0012070470000B8
:106550002DE9F05F0D4604460888434FDFF80CC173
:10656000DFF80C814988AA882B894FF0804960B3F5
:10657000042833D04FF6FF7E082838D0208C9B4665
:1065800020F480502084A38B268C704600EA0222DF
:1065900023F473431A4300EA0B3010430EEA013E22
:1065A000BC420BD0644509D04C4507D0444505D0CA
:1065B000304A944202D0304B9C4248D126F40051DC
:1065C00041EA0E0141F4805146E02046FFF7F6FE15
:1065D000E9882046BDE8F05F00F0A4B82046FFF748
:1065E00023FFE9882046BDE8F05F00F0A3B8208CC7
:1065F00020F480702084B4F81CA0208C0EEA0313D1
:1066000013432AF0F30A0EEA012B43EA0A03BC42C1
:106610000BD0644509D04C4507D0444505D0154AF8
:10662000944202D0144A944204D120F4007040EA0B
:106630000B0002E020F42060084340F48070A38344
:106640002084E9882046BDE8F05F00F07FB826F49A
:1066500002420A4342F48051A08320462184E98803
:10666000BDE8F05F00F07AB8002C01400034014032
:106670000004004000080040000C004000210180A0
:10668000418001228280C18001817047002A828975
:1066900001D00A4300E08A4382817047018921F0DA
:1066A000070101817047000070B5028C22F480520E
:1066B0000284048C8288838B0D8823F4E6464FF68F
:1066C000FF7303EA0525354324F400560C8903EAD9
:1066D000043434434E8803EA06362643094CA0426C
:1066E00002D0094CA04205D122F480448A8903EAF1
:1066F0008212224382808583C988A0F840100684D4
:1067000070BD0000002C014000340140828B4FF628
:10671000FF7322F4006203EA012111438183704771
:1067200081847047028B22F00C020283028B0A43A1
:1067300002837047028B22F440620283028B4FF681
:10674000FF7303EA01210A4302837047828B22F020
:106750000C028283828B0A4382837047828B22F4ED
:1067600040628283828B4FF6FF7303EA01210A4362
:106770008283704730B502881B4B1C4C98420DD069
:10678000A0420BD0B0F1804F08D0194DA84205D0DF
:10679000184DA84202D0184DA84203D122F070052E
:1067A0004A882A43154DA84206D0154DA84203D069
:1067B00022F44075CA882A4302808A8882850A8822
:1067C000028598420AD0A04208D00E4A904205D0D5
:1067D0000D4A904202D00D4A904201D1097A0186B9
:1067E0000121818230BD0000002C014000340140B5
:1067F0000004004000080040000C00400010004071
:1068000000140040004001400044014000480140A5
:106810001FB501210220FEF719FF1B4C2046FFF790
:106820003DFF0021ADF80610C720ADF80210ADF80D
:10683000040041F61F40ADF800008DF808106946CD
:106840002046FFF797FF01212046FFF749FE01226E
:1068500011462046FFF71AFF4FF4A060FCF7F2FA4A
:106860001D208DF80C0001218DF80F1002208DF8ED
:106870000D008DF80E1003A8FCF7B2FA0121204696
:10688000FFF734FE1FBD000000040040002981898D
:1068900002D041F4005101E021F4005181817047A0
:1068A00010B5C1F3421301F01F040121A140012BD7
:1068B00007D0022B07D01430002A026805D00A4303
:1068C00004E00C30F8E71030F6E78A43026010BDB0
:1068D00030B50446008A85B00D464CF6FF7108407D
:1068E000E98801432182A1894EF6F3100140A8886E
:1068F0002A8910436A890A431043A081A08A4FF66F
:10690000FF410840A9890143A1826846FEF7D6FEEF
:106910001948844201D1039800E00298A189090432
:1069200000EBC00101EB0010296801D5490000E02F
:106930008900B0FBF1F06422B0FBF2F109010B0910
:106940006FF018056B4300EB8300A3891D044FF023
:10695000320306D503EBC000B0FBF2F000F00700F5
:1069600005E003EB0010B0FBF2F000F00F0008436D
:10697000208105B030BD0000003801402DE9F8430A
:10698000FCF796FAFCF7C0FAFEF79AFFC84800F049
:106990005DFBC84800210090062309220846FDF748
:1069A00009FE0623C4A200212220FDF77CFFC54C6E
:1069B00006230B22002176200094FDF7FBFDC24E3A
:1069C000307878B1C1480090012506230B220021C0
:1069D0007620FDF7EFFD0623BDA200211420FDF770
:1069E00062FF0DE000250623B3A229462220FDF711
:1069F0005AFF06230B22002176200094FDF7DAFDD2
:106A0000B74C0623B7A225710A210020FDF74BFFE2
:106A1000B748B649006801F0DFFE01F02DFE80B2F4
:106A20006425B0FBF5F1B0FBF5F205FB1103208204
:106A3000B0A1B348F9F76CFC0623B14A0A2118202B
:106A4000FDF731FF0623AFA20A214820FDF72BFFF7
:106A5000AE4FB7F803002082B0FBF5F1B0FBF5F2C2
:106A600005FB1103A3A1A648F9F752FC0623A44A8B
:106A70000A216020FDF717FF3078012827D1A44DA7
:106A80002878022823D1208AB0F5AA7F0BD20623CA
:106A9000A0A20A215C20FDF706FF3078012816D15C
:106AA0002878022813D1787810B1012807D00EE099
:106AB0009A4809230822362100903B2005E0984897
:106AC00000900923082236213A20FDF773FD954FE7
:106AD00095A18B483A88F9F71BFC0623884A1621B2
:106AE0000020FDF7E0FE0026009608231C22162158
:106AF000A079FCF71BFC206B4FF47A71884201DD12
:106B0000182004E000EB4000C00090FBF1F010F012
:106B1000FF02A2724FF0010507D00095A07904236F
:106B20001821801C521CFCF701FCFA7880A17448E3
:106B3000F9F7EEFB0623724A16214820FDF7B3FE53
:106B40000096B04608231C221621E079FCF7EEFBE4
:106B5000E2791B230D3210461821FCF755FB208FDC
:106B60003226323800B200280EDA6FF00A014843AC
:106B700090FBF6F010F0FF0215D00095E0790423A9
:106B8000801A18210D300CE0C0EBC000400090FBD3
:106B9000F6F010F0FF0206D00095E07904231821EA
:106BA0000E30FCF7C3FBB9463A7963A15448F9F7B4
:106BB000AFFB0623524A24210020FDF774FECDF8D6
:106BC0000080474608231C222421A079FCF7AEFB55
:106BD000A27929230D3210462621FCF715FBA08F40
:106BE000323800B200280EDA6FF00A01484390FBF9
:106BF000F6F010F0FF0215D00095A0790423801A5A
:106C000026210D300CE0C0EBC000400090FBF6F0F8
:106C100010F0FF0206D00095A079042326210E3043
:106C2000FCF784FB99F8022045A13548F9F770FB81
:106C30000623334A24214820FDF735FE0097082318
:106C40001C222421E079FCF771FBE27929230D3223
:106C500010462621FCF7D8FAA08E323800B2002860
:106C60000EDA6FF00A01484390FBF6F010F0FF02D5
:106C700015D00095E0790423801A26210D300CE010
:106C8000C0EBC000400090FBF6F010F0FF0206D011
:106C90000095E079042326210E30FCF747FB60794C
:106CA000002802D0FFF754FB6771BDE8F8830000AD
:106CB000E406002063D000084D697373696E672E87
:106CC0002E2E00006CD000082100002077D0000894
:106CD000202020204F6E6C696E652020202000004F
:106CE00048000020522E563A000000000000C84222
:106CF0001C00002025642E25303264560000000060
:106D0000100B0020462E563A00000000EE06002030
:106D10002C000020206C6F772020200082D00008FB
:106D200092D0000822000020543A256400000000A0
:106D3000523A256400000000593A25640000000022
:106D4000503A256400000000FEE7000070B50546DB
:106D500086B0012144F20500FEF784FC4FF4007078
:106D6000ADF8100018208DF81300194E03248DF88B
:106D7000124004A93046FBF7ADFC3015ADF8100009
:106D800004208DF813008DF8124004A93046FBF75B
:106D9000A1FC0020ADF80400ADF80600ADF8080035
:106DA000ADF80C000C200B4CADF80A0000956946BC
:106DB0002046FFF78DFD012240F225512046FFF7C6
:106DC0006FFD01212046FFF761FD06B070BD000098
:106DD000000801400038014070B51B4C1B48227868
:106DE000018882B9B1F5617F0DD901202070201F83
:106DF000027862704378A3708378E370C078207162
:106E000062711E20A07164291CD22078012819D13A
:106E100085020F4E29463046FBF7B4FC0522611C63
:106E20003020FBF7A1FF0522611C2A20FBF79CFF05
:106E3000A1792520FBF7BCFF29463046FBF7A4FCCF
:106E40000220207070BD00002C00002022000020D5
:106E5000000C0140490050EAC12018BF04204A0D2F
:106E600018BF40F0010040F2FF72B2EB515F08BF63
:106E700040F00200012808BF052070472DE9F041CD
:106E80004F1E00EBC7010446D1E9000115461E461E
:106E900037F006020DD02A46334601F011F87F1E66
:106EA00004EBC703D3E9002300F09CFC37F0060293
:106EB000F1D1022F25D0042F13D0062F18BFBDE823
:106EC000F0812A46334600F0FBFFD4E90A2300F0A4
:106ED00089FC2A46334600F0F3FFD4E9082300F08A
:106EE00081FC2A46334600F0EBFFD4E9062300F08C
:106EF00079FC2A46334600F0E3FFD4E9042300F08E
:106F000071FC2A46334600F0DBFFD4E9022300F08F
:106F100069FC2A46334600F0D3FFD4E90023BDE8DC
:106F2000F04100F05FBC012201F04DBE00F05ABC00
:106F3000024A0020110701F046BE000001FDFFFFDC
:106F400030380A2801D2012070470020704770476E
:106F500010B5012186B04802FEF784FB00204FF4F3
:106F60002021CDE902108DF80500009005208DF854
:106F700010000120234C8DF8040069462046FAF7E2
:106F8000B1FE01212046FAF74AFE01212046FAF718
:106F900059FE4FF44040FEF743FB06230122002137
:106FA0002046FAF7C3FE0623022201212046FAF703
:106FB000BDFE0623032202212046FAF7B7FE062370
:106FC000042203212046FAF7B1FE072305220921F6
:106FD0002046FAF7ABFE2046FAF7E2FE2046FAF723
:106FE00079FE0028FAD12046FAF7DFFE2046FAF7AC
:106FF00071FE0028FAD101212046FAF761FE06B0A1
:1070000010BD00000024014038B501210420FEF726
:1070100029FB0F20ADF8000000248DF803406946DD
:107020000848FBF757FB01210820FEF71BFB022055
:10703000ADF800008DF8034069460348FBF74AFBB2
:1070400038BD000000080140000C014070B5044646
:10705000408801F079FB124901F0BEFB01F00CFB06
:10706000104D2880208801F06FFB0F4E314601F053
:10707000B3FB01F001FB2871E08801F065FB3146AC
:1070800001F0AAFB01F0F8FAA870A08801F05CFBFF
:10709000314601F0A1FB01F0EFFAE87070BD00008D
:1070A000910F7A3E22000020740CC83C2DE9F84F65
:1070B00004460D4621F0004000917349814211DCE5
:1070C0007249884201DC06D12CB120462946BDE830
:1070D000F84FFFF728BF6E48002DCCBF6D496E49B1
:1070E000BDE8F88F6D49814211DD6D498142D8BFFD
:1070F0004FF0FF366DDD20462946FFF7ABFE042832
:1071000008BFFFF715FF20462946BDE8F88F6549FF
:10711000654F25F00045814233DD6449814219DD28
:10712000002632464FF080432046294600F05AFBA5
:1071300080468A4601222046294601F044FD00226D
:107140003B4600F0FDFF4246534600F0A3FC0446D8
:107150000D463EE001260022BA463B46204629461F
:1071600000F040FB80460F46002253462046294649
:1071700000F0E6FF42463B4600F08CFC04460D461C
:1071800027E04B4981421BDDDFF828A102260022BF
:1071900053462046294600F093FE00223B4600F06D
:1071A00021FB80460F46002253462046294600F028
:1071B000C7FF42463B4600F06DFC04460D4608E022
:1071C000032622462B4600203B4900F063FC044680
:1071D0000D4622462B461046194600F071FE8B469E
:1071E000824602460B4600F06BFE074602463348D5
:1071F00088460B4606217844FFF740FE52465B4620
:1072000000F05EFE82462E488B463A4643460521F4
:107210007844FFF733FE3A46434600F051FE0246FB
:107220000B46002E504659460CDA00F0DBFA224697
:107230002B4600F045FE01B022462B46BDE8F04F3C
:1072400000F072BF00F0CEFA22462B4600F038FE66
:107250001C4A7A4402EBC603D3E9002300F070FF16
:1072600022462B4600F06CFF174A7A4402EBC60315
:10727000D3E9002300F058FF009A002AB8BF81F03C
:107280000041BDE8F88F0000000010440000F07FCE
:10729000182D4454FB21F93FFB21F9BF0000DC3FCE
:1072A0000000203E0000F33F0000F03F0000E63FFA
:1072B000008003400000F83F0000F0BFCE610000F6
:1072C0008C6100002A610000F26000002DE9F04DA1
:1072D0009446CCF1000423F000464CEA0404594FD4
:1072E00046EAD4749A46884621F00042BC4206D849
:1072F000454240EA050442EAD474BC4204D9BDE8E0
:10730000F04D6246FFF712BEAAF14055A5F17F6528
:1073100055EA0C040BD0022404EAAA744A4DDFF8A3
:107320002CE144EAD87452EA000B04D00CE0BDE82A
:10733000F04DFFF7BBBE002C14BF012CBDE8F08D53
:10734000022C30D0032C32D056EA0C0B0AD0BE42AD
:1073500020D1BA4209D126F0804622F0804233463D
:10736000114617E000291ADB25E0DFF8E4B0FB4402
:10737000002C04BFDBE90001BDE8F08D012C02BF49
:10738000DBE9000181F00041BDE8F08D022C0AD05C
:10739000032C0CD0BA4212D1B8F1000F0BDA2A48F4
:1073A0002C49BDE8F08D28462B49BDE8F08D2846D4
:1073B0007146BDE8F08D24482849BDE8F08D921B48
:1073C00012153C2AC4BF204F244E10DCBAF1000F26
:1073D000BEBF12F13C0F00273E4608DB624600F0BC
:1073E00059FB21F00041FFF761FE07460E4694B1BC
:1073F000012C08BF86F000460DD0194A194B022C0B
:107400003846314615D000F09BFE2A46BDE8F04DC7
:10741000114B00F095BE002213463846314600F06D
:1074200091FC04BF0220F9F72CF938463146BDE83B
:10743000F08D00F085FE2A46BDE8F04D064B00F0C9
:1074400073BE00000000F07F182D4454FB2109C0DA
:1074500086600000FB21F9BFFB210940FB21F93FB9
:10746000075C143326A6A13C2DE9F041C1F30A5272
:10747000A2F2FF362F4A304B0D460446142E2FDA67
:10748000002E12DA00F0AEF90022134600F016FECC
:107490004CD2002DBCBF4FF00045002446DB55EA1E
:1074A000040018BF254D19D140E0DFF894C02CFA34
:1074B00006F705EA070C5CEA040C08BFBDE8F0819A
:1074C00000F090F90022134600F0F8FD2ED2002DB6
:1074D00003DD4FF48010F0400544BD43002425E057
:1074E000332EC8BFBDE8F081A6F1140C4FF0FF3772
:1074F00027FA0CF73C4208BFBDE8F08100F014FE0B
:107500000022134600F0DAFD10D2002D0DDD142EFE
:1075100008BF6D1C09D0C6F13400012101FA00F04A
:107520002044A04238BF6D1C0446BC432946204677
:10753000BDE8F0819C7500883CE4377E0000F03F98
:10754000FFFF0F00124910B50C78A8238B22012CE5
:107550000FD0022C0CD10F4903700B7843704B787D
:1075600083708B78C370CB78037109794171827213
:1075700010BD03704B7843708B788370CB78C370E9
:107580000B7903714B79437189798171EFE70000C1
:107590002C0000202200002000B502464FF47A7330
:1075A00002E0184600F003F8521EFAD200BD06E0D1
:1075B00000BF00BF022100BF491C0829FBDB401EA1
:1075C000F6D270472DE9F04114461D4606460F4697
:1075D00000F0E9F900F07040B0F1004F0FD0201C2E
:1075E00018BF0120284320F00040C0F17F6000F167
:1075F000E040C00F02BF20462946BDE8F08130467A
:107600003946BDE8F0810000084800680849074A8B
:10761000121F08601268054B4A60083B1B688B60AC
:10762000044910431843086070470000F0F7FF1F3B
:107630000407002028000020FEF798FE00F02AF83A
:107640004FF4E130FFF782FBFFF7DEFFFEF7E8FAC9
:10765000FBF796FAFBF770FAFBF712FBFBF728F93A
:10766000FAF7E7FA00F028F8FFF7D2F8FBF7F4FB97
:107670006420FFF791FFFEF7ADF80548FDF712FA19
:10768000FBF716FCFDF7E4FAFFF7A6FBF8E70000AE
:107690001C05002007484FF47A710068B0FBF1F137
:1076A0004FF0E020491E4161002181610721016105
:1076B00062B670470000002030B587B00121042079
:1076C000FDF7C4FF47200024ADF81000ADF81640C8
:1076D00044F61F60134DADF81400ADF8124004A934
:1076E0002846FFF747F86020ADF800000120ADF80C
:1076F000020041F28830ADF80600ADF80840694656
:107700002846FEF7D1FF01212846FEF7DFFE0821BB
:107710002846FEF7FBFF01212846FEF7E7FE07B0EB
:1077200030BD00000008004010B500290AD00878DC
:10773000002807D005487844F8F75AFF002801D000
:10774000002010BD0248784410BD0000325F0000E8
:107750002A5F000010B500290AD00878002807D059
:1077600005487844F8F744FF002801D0002010BDF8
:107770000248784410BD0000225F00001A5F00003C
:1077800021F00042A2F16052B2F5801F01F00043E7
:1077900028BFD2F17F6C0BD95FEA001C43EAC2021A
:1077A00042EB507018BF704728BF20F001007047AF
:1077B000B2F5801FBCBF184670474FEA410C1CF55C
:1077C000001F02D2084601F0CEB870B500F022FCCE
:1077D00000000089FFF7F6BF4FF00040A0F58000E1
:1077E0007047000010B591EA030F48BF83F00043D3
:1077F00000F1AE84841A71EB030C05D2121943EB2D
:107800000C03001B61EB0C01DFF824E14FEA11547B
:10781000A4EB135C1EEA430F18BF9EEA445F73D0CB
:1078200023EA0E03DCF1200E21EA045143F4801315
:1078300032D322FA0CFE10EB0E0023FA0CFE41EBC1
:107840000E01CCF1200E03FA0EFE10EB0E0051F1EA
:107850000001B1F5801FCCF1200E32D201EB0451B2
:1078600012FA0EF2BDE8104058BF7047401C38BFF6
:107870005FEA420218BF7047002814BF20F00100E1
:1078800041F100014FEA410313F5001F38BF704773
:10789000A1F1C04100F00CBC012A43EB0302ACF1A2
:1078A000200CDCF11F0E32BF4FF0000E23FA0CF358
:1078B00010EB030041EB0451B4EB115FD0D0A1EB0E
:1078C000045101F5801149085FEA300001EB0451D1
:1078D0000ED350F1000038BF12FA0EFE08D1BDE8F9
:1078E0001040C9E7401C38BF5FEA4202CAD1C3E773
:1078F000BDE810404FEA410313F5001F38BF704741
:10790000A1F1C04100F0D4BB9EEA445F08D011EA67
:107910005E0FBDE8104004BF01F000410020704739
:10792000BDE8104070B500F075FB00BF64FBBE3EC3
:107930000000E0FF02494FF0000001F012B900BF63
:107940000000F87F51EA030C17D41CF5801F58BFC4
:10795000BCF5801F00F10680994218BF704708BF30
:107960009042704707D711F5801F58BF13F5801F4D
:1079700026D499427047894270471CF5801F08D56C
:10798000BCF5801FF7D58B4218BF704708BF8242F5
:1079900070474FF4001C1CEB410F38BF1CEB430F2A
:1079A0000ED28B42704770B5FFF7CCFFEFF300802B
:1079B00020F0104038BF40F0004080F3008870BDD8
:1079C000BDE8704070B500F025FB00BF0000000965
:1079D00000F053B84FF0404010F1004FEFF300803B
:1079E000704751EA030C17D41CF5801F58BFBCF533
:1079F000801F00F10680994218BF704708BF90426F
:107A0000704707D711F5801F58BF13F5801F26D484
:107A100099427047894270471CF5801F08D5BCF514
:107A2000801FF7D58B4218BF704708BF824270474E
:107A30004FF4001C1CEB410F38BF1CEB430F0ED260
:107A40008B42704770B5FFF7CCFFEFF3008020F05A
:107A5000104038BF40F0004080F3008870BD00F057
:107A6000D9FA00BF0000000900F007B84FF040400D
:107A700010F1004FEFF300807047491058BFC1F17B
:107A800040415B1058BFC3F140438B42EFF300808D
:107A9000704700002DE9C04130B4DFF8A0C23CEAD5
:107AA000111418BF3CEA131400F0EC8081EA0305BE
:107AB0001CEA111444EAD57418BF1CEA131500F02F
:107AC000C780A4EB05044FF0004545EAC12145EA13
:107AD000C32341EA505143EA525304F17F7499425F
:107AE00004F500344FEAC0204FEAC22208BF90429A
:107AF00000F09C804FEA13650FF24016765D4FEA66
:107B0000134506FB05F7C7F1807706FB07F74FEA39
:107B1000D737A7FB03687642C8F58038A7FB06CEA7
:107B200038BFA8F1010807FB08E64FF0000EA6FBDE
:107B3000028CE6FB03CEDCF1000CCEF1004E38BF28
:107B4000AEF1010EA6FB0C584FF000074FF00005F8
:107B5000E6FB0E87A1FB08C6A0FB07CE16EB0E06C0
:107B600045F10005E1FB076515F1E04E7EBFA4F588
:107B700080345FEA46066D4116F1800745F1000545
:107B80004FEA17274FEA066647EA0567A6F1DE4681
:107B9000B6F1805F4FEA15251FD9384624F0010C55
:107BA00005EBC471BCF1FE6F01EB0C1102D8F0BC07
:107BB000BDE8008124425CBF01F5801E9EEAC47FBF
:107BC00002D4F0BCBDE80081244238D4F0BCA1F15D
:107BD000C041BDE8004100F06BBA4FEAD22242EA50
:107BE00043524FEAD323A7FB02864FEAD02040EA54
:107BF000415007FB03661EEA0E0F4FEAD12105FB39
:107C0000026658BFA6EB0056B6EB00564FEA520E7E
:107C10004EEAC37E18EB0E0E56EB530EBDD518EB95
:107C200002085E417F1C55F10005B6E74FF4801550
:107C30004FF000074FF000064FF00008ADE7F0BC32
:107C40004FF0000001F1C04101F00041BDE80081AA
:107C500011EA0C1F0CEA131500D00CE013EA0C1FFC
:107C600000F025804FF00000F0BC81EA030101F034
:107C70000041BDE80081F0BCBDE8004181EA03019C
:107C800000F016BAF0BCBDE8004170B500F0C2F9D2
:107C9000097EFC3E00F007B881EA03014FF00000C6
:107CA00001F00041704781EA030100F001BAF0BC25
:107CB000BDE800414FF0000021497047FFFDFBF98E
:107CC000F7F5F4F2F0EEEDEBE9E8E6E4E3E1E0DE0F
:107CD000DDDBDAD8D7D5D4D3D1D0CFCDCCCBCAC881
:107CE000C7C6C5C4C2C1C0BFBEBDBCBBBAB9B8B7A8
:107CF000B6B5B4B3B2B1B0AFAEADACABAAA9A8A89B
:107D0000A7A6A5A4A3A3A2A1A09F9F9E9D9C9C9B68
:107D10009A99999897979695959493939291919013
:107D20008F8F8E8E8D8C8C8B8B8A898988888787A4
:107D30008685858484838382828181800000FF0719
:107D40000000F87F51EA030C17D41CF5801F58BFC0
:107D5000BCF5801F00F10680994218BF704708BF2C
:107D60009042704707D711F5801F58BF13F5801F49
:107D700019D499427047894270471CF5801F08D575
:107D8000BCF5801FF7D58B4218BF704708BF8242F1
:107D900070474FF4001C1CEB410F38BF1CEB430F26
:107DA00001D28B42704770B500F034F9922449003B
:107DB0004FF000514FF08053FFF75FBE4FEA410391
:107DC0004FEA5353A3F58063D3F11E03C8BFD3F129
:107DD000210C0CDD4FF0004242EAC12242EA50522F
:107DE00032FA03FC8CEAE17CACEBE1707047102BBB
:107DF000C4BF0020704703F5787CBCF1FF3F04D07E
:107E00006FF0004282EA2100704770B500F002F97D
:107E10004992248000207047F2E710F0004248BFEA
:107E20004042B0FA80F310FA03F10AD0C3F11D0307
:107E300003F580634FEA415002EB035202EBD1217C
:107E400070474FF00000704751EA030C17D41CF53F
:107E5000801F58BFBCF5801F00F10680994218BFF3
:107E6000704708BF9042704707D711F5801F58BF71
:107E700013F5801F19D499427047894270471CF549
:107E8000801F08D5BCF5801FF7D58B4218BF7047FF
:107E900008BF824270474FF4001C1CEB410F38BFF3
:107EA0001CEB430F01D28B42704770B500F0B2F863
:107EB000922449004FF000514FF08053FFF7DDBD91
:107EC000DFF848C170B51CEA111E1EBF1CEA13156D
:107ED0009EEA0C0F95EA0C0F00F06F8081EA030414
:107EE00023EA4C134EEAD47E21EA4C1141F480116E
:107EF00043F48013AE44A1FB024CA0FB0365AEF13A
:107F00007F7E361955EB0C05A1FB034C4CF10003A9
:107F1000A0FB021C16EB0C06654153F1000309425D
:107F200018BF46F0010613F4007F0BD14FEA03316E
:107F30004FEA0530340341EA155140EA16506FF01C
:107F400003020AE04FEAC3214FEAC520F40241EAE6
:107F5000555140EA56506FF0020202EB2E4201EBFF
:107F6000025585EACE710AD05FEA440C18BF24F0AE
:107F7000004450F1000041F1000120EAD47040F2C9
:107F8000FE7C624500D270BDA84214BF4FF0804411
:107F90004FF04044002E08BF0024BEF1806FA8BF00
:107FA000A1F1C041BDE8704080F282804FF0000036
:107FB00001F1C04101F0004170479EEA0C0F0CEA4C
:107FC000131518BF95EA0C0F06D04FF0000081EA98
:107FD000030E0EF0004170BD00F01CF88900013E58
:107FE00000F007B800F009B84FEA430C5FEA5C5CA8
:107FF00008D081EA030100F05BB84FEA410C5FEA68
:108000005C5CF6D14FF00000014970470000FF07AB
:108010000000F87F0EF1020E2EF0030E5EF8046BE6
:10802000364205D4012A43EB030515F5001F12D88B
:10803000012841EB010C1CF5001F0CD80ED14FEAB2
:10804000D17C15F5001F0CEB4C0C0CF1020C08BF99
:108050004CEBD37C04E04FF0080C01E04FEAD37CFA
:108060000CEB4C0526FA05F606F00706B6F1040CF3
:1080700006D20EEB860CBDE870404CF0010C604758
:10808000DFE80CF0090B02024FF000414FF0000056
:10809000A1F5002170BD19461046012851EB0104DD
:1080A00018BFD4F5001484BF002001F0004170BD5A
:1080B0000808A0F500114FEA3101704753EA010C9E
:1080C00017D41CF5801F58BFBCF5801F00F1068037
:1080D0008B4218BF704708BF8242704707D713F51D
:1080E000801F58BF11F5801F19D48B4270479B42E7
:1080F00070471CF5801F08D5BCF5801FF7D5994245
:1081000018BF704708BF904270474FF4001C1CEB2B
:10811000430F38BF1CEB410F01D2994270470FB497
:108120000CBC03BCFFF7C1BE91EA030F10B581F090
:1081300000413FF55FAB83F0004300F009B8000059
:1081400010B591EA030F48BF83F000433FF552ABEF
:10815000841A71EB030C07D212198CF0004C43EB1C
:108160000C03001B61EB0C01DFF8A4E14FEA115492
:10817000A4EB135C1EEA430F18BF9EEA445F00F0B5
:10818000B08023EA6E03524221EA0451C3EB6E032E
:1081900038BF5B1EDCF1200E25D322FA0CFE10EB5B
:1081A0000E0043FA0CFE41EB0E01CCF1200E03FA57
:1081B0000EFE10EB0E0051F10001CCF1200E29D47F
:1081C00012FA0EF201EB0451BDE8104058BF70479F
:1081D000401C1CBFB2F1004F704700280CBF491C67
:1081E00020F00100704712EB020E43EB030218BFB0
:1081F0004FF0010E4EEA4202ACF1200CDCF11E0EF3
:1082000054D943FA0CFE10EB0E0051F1FF31CCF1C2
:108210001E0ED5D50EF1010E12FA0EFE404141EBB5
:10822000010101EB445C5FEA5C5C10D910EBDE708D
:1082300001EB045138BFBEF1004FBDE8104018BF3C
:10824000704700280CBF491C20F00100704730D255
:108250004FEAD42C11F5001124F400641BD0B1FABC
:1082600081F20B3AA41AA41ED2F12003914030FAF5
:1082700003F31943904001EBCC71002C01EB045146
:10828000BDE81040A8BF704701F1C0414FF00000A9
:1082900001F000417047B0FA80F310FA03F100D109
:1082A00010BDE41A173C4805C90AE4E701EB045184
:1082B00010BD491001EB0451BDE810404FEA3000F9
:1082C00002E04FF0000170474A0008BF0042F8D0BA
:1082D000B2F5001F28BF704701F000414FF00000C9
:1082E00070479EEA445F07D011EA5E0FBDE8104078
:1082F00004BF002100207047BDE8104070B5FFF7B3
:1083000089FE00BF40DFF63E83F000411046704713
:108310000000E0FF43004FEAD30C4FEA3C0C43401F
:108320001FBF40070CF1605113F0FE4F70471CF067
:10833000006F03D100200CF0004170470CF00043A7
:1083400043EA507010B540EACC0000F0C6FA00BF16
:10835000000000924FEA0001FFF7AABE4FF0004173
:108360004FF00000A1F500217047000090EA010FD6
:1083700048BF81F0004100F13E83421A3CBF801AA1
:1083800089184FEAD0524FF07F4C1CEA410FA2EB04
:10839000D15318BF9CEA026F00F03B804FF0004CB5
:1083A0004CEA00204CEA012121FA03FC10EB0C0CF2
:1083B0001ED202F1FF325FEA1C2040EBC25038BFF0
:1083C00070471CF07F0F4FEA400C18BFBCF17F4F85
:1083D00038BF7047C3F12003994008BF20F0010067
:1083E000BCF17F4F38BF7047A0F1C04000F0BBBA6E
:1083F0004FEA3C00000A40EBC25028BF1CF0FF0FC0
:108400004FEA400CE6D018BFBCF17F4F38BF704731
:10841000EAE79CEA026F05D010EA5C0F08BF00F0A3
:108420000040704710B500F058FA00BF64FBBE3E34
:10843000014800F096BB00BF0000C07F401058BF4D
:10844000C0F14040491058BFC1F140418142EFF3B3
:10845000008070474FF47F0C1CEAD0121EBF1CEA4C
:10846000D11392EA0C0F93EA0C0F00F0858090EA8A
:10847000010F48BF42F4807240F4000C41F4000048
:108480002CF07F4120F07F4000B58142A2EB030237
:108490000FF2081CACEB504EC0F100009EF800E05B
:1084A0004FEA4E0E00FB0EFC38BF49004FEA2C1C71
:1084B00002F5FA020CFB0EF34FEACE1E4FEA112C26
:1084C0004FEAC1210EEB635E42EB22420EFB0CFC35
:1084D0004FEA1C5300FB03114FEA112C4FEA013104
:1084E0000EFB0CFC4FEADC4C00FB0C11C14228BF18
:1084F00009184CEB03335DF804EB10EB410143EB3F
:10850000C250B2F57C0F38BF704729D512F0F00F7A
:108510001CBF00F1C04000F0004070470081828322
:108520008485868788898B8C8D8E8F919293959682
:1085300097999A9C9D9FA0A2A3A5A7A8AAACAEB00C
:10854000B2B3B5B7B9BCBEC0C2C5C7C9CCCED1D411
:10855000D7D9DCDFE2E6E9ECF0F3F7FAFE00000041
:108560004FEA400C0CF1807CBCF17E4F28BF704775
:10857000B0F1C04000F0F7B990EA010F0CEAD11356
:1085800048BF42F48072624538BF634507D213F496
:108590007F0F16D080EA010000F00040704710B550
:1085A00000F09BF9097EFC3E00F005B880EA01006E
:1085B00000F00040704780EA010000F0004000F049
:1085C000D2B912F47F0F04BF0248704780EA01005D
:1085D00000F0C9B90000C07F50EA010C00F113801F
:1085E0001CF5000F58BFBCF5000F01D4884270473E
:1085F00007D710F5000F58BF11F5000F15D48842AA
:108600007047894270471CF5000F04D5BCF5000F78
:10861000F7D5814270474FF0807C1CEB400F38BF8C
:108620001CEB410F01D28142704710B500F055F9A3
:10863000922449004FF000504FF08051FFF7FEBEEA
:1086400041000B0ED3F19E0208D950F400034FEA0B
:10865000032323FA02F048BF4042704710B500F0F0
:108660003CF900BF49922480002070476FF000421F
:1086700082EA200070470000C10DD1F19E0206DBA6
:108680004FEA002343F0004323FA02F07047004210
:1086900007D54FEA4001B1F1FE4F02D24FF0000082
:1086A000704710B500F019F94992248000207047F6
:1086B0006FEA20007047000010F0004148BF4042C0
:1086C000B0FA80F310FA03F2C3F19D030BD051EA24
:1086D000C35101EB1220530638BF704700F101006F
:1086E00008BF20F0010070474FF07E5209E011F002
:1086F000004204D54042C1F1000138BF491E42F09A
:108700007E520B0002F1706212BF20235FEA00016B
:108710007047B1FA81FCA3EB0C0301FA0CF120FACB
:1087200003FC02EBC352C3F1200341EA0C0110FA2F
:1087300003FC5CEA416C42EB112018BF5FF0806CD7
:1087400028BF20F001007047B0FA80F310FA03F25E
:10875000C3F19D030AD0D90501EB1220530638BF9F
:10876000704700F1010008BF20F0010070470000D1
:1087700050EA010C00F113801CF5000F58BFBCF546
:10878000000F01D48842704707D710F5000F58BF7B
:1087900011F5000F15D488427047894270471CF5C7
:1087A000000F04D5BCF5000FF7D5814270474FF09C
:1087B000807C1CEB400F38BF1CEB410F01D2814283
:1087C000704710B500F089F8922449004FF000502E
:1087D0004FF08051FFF732BE4FF47F0C1CEAD012ED
:1087E0001EBF1CEAD11392EA0C0F93EA0C0F00F0A3
:1087F000478090EA010F48BF42F480724FF0004C6E
:108800004CEA00204CEA012102EB0302A0FB011319
:10881000A2F50002002918BF43F001035B0028BF46
:108820004FEA330342EB22425FEA132C4CEBC25077
:108830002EBFBCEB436FB2F57C0F70474FEA036C61
:10884000BCF1004F08BF20F00100B2F57C0F38BF2B
:1088500070470BD582F0FF0212F5803FC8BF70470A
:1088600000F1C040D8BF00F00040704700F5000C98
:108870005FEA4C0C48BF7047B0F1C04000F073B8DD
:1088800090EA010F0CEAD11348BF42F480726245AE
:1088900038BF634504D280EA010000F00040704711
:1088A00010B500F01AF800BF8900013E00F007B8CB
:1088B00000F009B85FEA410C5FEA1C6C08D080EA5E
:1088C000010000F050B85FEA400C5FEA1C6CF6D182
:1088D0004FF00040A0F5800070470EF1020E2EF020
:1088E000030E5EF8044B244204D44FEA4102B2F175
:1088F0007F4F11D84FEA4003B3F17F4F0CD80ED110
:108900004FEAD07CB2F17F4F0CEB4C0C0CF1020C17
:1089100008BF4CEBD17C04E04FF0080C01E04FEABB
:10892000D17C0CEB4C0324FA03F404F00704B4F1FB
:10893000040C06D20EEB840CBDE810404CF0010C88
:108940006047DFE80CF0070802024FF00040A0F596
:10895000800010BD0846420018BFD2F1807288BF67
:1089600000F0004010BDFF2141EAD050C005704723
:1089700051EA000C00F113801CF5000F58BFBCF544
:10898000000F01D48142704707D711F5000F58BF7F
:1089900010F5000F15D481427047894270471CF5CD
:1089A000000F04D5BCF5000FF7D5884270474FF093
:1089B000807C1CEB410F38BF1CEB400F01D288427A
:1089C000704780EA010081EA000180EA0100FFF7B8
:1089D000F8BE80F0004090EA010F7FF5CEAC81F048
:1089E000004100F008B8000090EA010F48BF81F094
:1089F00000413FF5C2AC421A04D882F00042A0EB1D
:108A0000020011444FEAD0524FF07F4C1CEA410F54
:108A1000A2EBD15318BF9CEA026F4AD04FF0004C32
:108A20004CEA00204CEA012121FA03FCB0EB0C0CCB
:108A30000FD412F0FE0F36D05FEA4C001DD50012A5
:108A400040EBC25038BF70471CF03F0F18BF704753
:108A50000BE0A2F101025FEA1C2040EBC25038BFDC
:108A600070471CF07F0F18BF7047C3F12003994077
:108A700014BF401E20F00100704780084FEA122307
:108A800008BF7047B0FA80FCA2EB0C02CCF1280CB6
:108A900060FA0CF093EA122F04BF00EBC25070474B
:108AA0004FEAC3707047130A5FEADC1008BF7047D3
:108AB000F6E79CEA026F04D010EA5C0F08BF0020C2
:108AC000704710B5FFF709FF40DFF63E81F0004028
:108AD00070470000C2154FEA002318BF43F000435F
:108AE00000F11080D2F1BE0240F2288023FA02F198
:108AF000B2F1200C2EBF23FA0CF0C2F1200C03FAC5
:108B00000CF07047B0F15F4F00F2188012F0FF02D6
:108B100008BF23F00043C2F1BE0223FA02F1B2F112
:108B2000200C2EBF23FA0CF0C2F1200C03FA0CF03B
:108B30004042C1F1000138BF491E704710B5FFF730
:108B4000CCFE00BF9224498000204FF00001704706
:108B50006FEAE07080F000417047F8F7A7B8F8F7C7
:108B6000DBB90CF00F03092B08BF082000F07F8051
:108B70000A2B0BD0082B18BF704708BF1CF0400F02
:108B80000AD04FF000004FF0000170471CF0400F7A
:108B900018BF4FF0004070471CF0100F08D020F0B5
:108BA000704300F07F4242EAD3014FEA43707047BE
:108BB00000F0604021F07F4242EA000201F07F4075
:108BC00040EA727070474FF0FF0C4CF4E06C1CEA06
:108BD00011531CBF9CEA030C9445C2BFDA4201EB5F
:108BE00002517047002B0DD0BCF1000F0FD0002AAE
:108BF00001F00041A4BF41F0E04141F07F614FF03E
:108C00000000704701F000414FF00000704750EA4B
:108C100001334FF09B0C18BF4CF0806C7EF48AAE91
:108C200070474FF0FF0212EAD0521CBF92F0FF03D0
:108C30008B42C2BFD14200EBC1507047002A0AD01C
:108C4000002B0BD0002900F00040A4BF40F0FE40F4
:108C500040F40000704700F00040704743024FF0BE
:108C60000B0C18BF4CF0806C7FF4E2AB70471CF427
:108C7000801F11D01CF4E02F03D06FEACC314900E3
:108C800070474FF04050EFF3008222F0704242EA0A
:108C9000000282F3008870474FF000007047000028
:108CA00000000000000000000000000000000000C4
:108CB000000000000000000000000000000000E0D4
:108CC000F0F0E000000000000003DFDF0300000020
:108CD00000000000000000000000000070700000B4
:108CE00070700000000000000000000000000000A4
:108CF00000000000000000000080F0F08080F0F034
:108D000080000019FFFF1919FFFF19000000000083
:108D100000000000000000C0E0F03C3C706040003B
:108D2000002061E3C3C6FC783000000000000303AC
:108D3000000000003078487830C0F030000000C0FB
:108D4000F03C0F63F090F0600000000000000000B5
:108D50000000000040E0B010B0E0400000387CC6E9
:108D6000C3C1E57CCC8400000000000000000000CE
:108D70000000000070700000000000000000000013
:108D800000000000000000000000000000000000E3
:108D900080E030180800000000007FFF00000000A5
:108DA0000000000000010306040000000000081895
:108DB00030E0800000000000000000FF7F000000A5
:108DC0000000040603010000000000808000000095
:108DD000008080000024351F0E0E1F352400000087
:108DE000000000000000000000000000E0E00000C3
:108DF0000000000303031F1F030303000000000023
:108E00000000000000000000000000000000000062
:108E100000000000C0C000000000000000000201CF
:108E20000000000000000000000000000000000042
:108E30000303030303030000000000000000000020
:108E40000000000000000000000000000000000022
:108E5000C0C0000000000000000000000000000092
:108E6000000000000000C0F030000000C0F03C0F27
:108E7000030000000003030000000000000000C029
:108E8000E070303070E0C000003F7FE0C6C6E07F99
:108E90003F000000000000000000000000006060D3
:108EA000F0F00000000000000000FFFF00000000E4
:108EB0000000000000000000000000406070303042
:108EC00070E0C00000E0F0F8DCCEC7C3C1000000D5
:108ED000000000000000000000406070303070E0D2
:108EE000C000002060E0C6C6EF7D38000000000032
:108EF0000000000000000000F0F00000E0E00000D2
:108F0000000E0F0D0C0CFFFF0C0000000000000015
:108F10000000000000F0F03030303030300000232E
:108F200063E3C3C3E77E3C000000000000000000D4
:108F3000000000C0E070303070604000003F7FEC07
:108F4000C6C6EE7C380000000000000000000000F3
:108F5000000030303030B0F0700000000000FEFF44
:108F6000010000000000000000000000000000C040
:108F7000E070303070E0C00000387DEFC6C6EF7D95
:108F800038000000000000000000000000C0E07099
:108F9000303070E0C000002163E7C6C6E37F3F00C9
:108FA00000000000000000000000000000000000C1
:108FB0000000000000000000C6C600000000000025
:108FC00000000000000000000000000000000000A1
:108FD000000000000000C6C6000000000000000005
:108FE0000201000000000000000080C060200000BE
:108FF00000040E1B3160C080000000000000000073
:1090000000000000000080808080800000000000E0
:1090100019191919190000000000000000000000D3
:10902000000000002060C08000000000000080C040
:1090300060311B0E04000000000000000000000072
:1090400000C0E070303070E0C00000000000DCDEE6
:10905000070301000000000000000000000000C045
:10906000E030303030E0C000007FFF809EB3B3BFFF
:10907000BF00000000010101010101000080C0608B
:10908000303060C0800000FFFF18181818FFFF0084
:109090000000000000000000000000F0F030303060
:1090A00030E0C00000FFFFC6C6C6C67F3900000022
:1090B000000000000000000000C0E0703030706070
:1090C0004000003F7FE0C0C0E060200000000000E2
:1090D00000000000000000F0F030303070E0C00010
:1090E00000FFFFC0C0C0E07F3F00000000000000A4
:1090F0000000000000F0F03030303030300000FF71
:10910000FFC6C6C6C6C0C0000000000000000000C8
:10911000000000F0F03030303030300000FFFF064B
:10912000060606000000000000000000000000002D
:1091300000C0E070303070604000003F7FE0C0CC85
:109140006CFCFC000000000000000000000000F0CB
:10915000F000000000F0F00000FFFF06060606FF2A
:10916000FF000000000000000000000000003030A0
:10917000F0F0303000000000C0C0FFFFC0C00000B1
:1091800000000000000000000000000000000000DF
:1091900000F0F000002060E0C0C0E07F3F00000071
:1091A000000000000000000000F0F080C0E070301F
:1091B000000000FFFF0F1D3870E0C000000000003D
:1091C00000000000000000F0F000000000000000BF
:1091D00000FFFFC0C0C0C0C0C00000000000000011
:1091E0000000000000F0F0C00000C0F0F00000FF40
:1091F000FF030F0F03FFFF0000000000000000004E
:10920000000000F0F0E0800000F0F00000FFFF013F
:10921000071E78FFFF0000000000000000000000B3
:1092200000C0E070303070E0C000003F7FE0C0C0A0
:10923000E07F3F000000000000000000000000F0A0
:10924000F030303070E0C00000FFFF0C0C0C0E0757
:1092500003000000000000000000000000C0E070FB
:10926000303070E0C000003F7FE0C0F070FFFF00D2
:109270000000000000000000000000F0F03030307E
:1092800070E0C00000FFFF0C0C0C1EF7E3000000B4
:10929000000000000000000000C0E0F0303070600E
:1092A0004000002061E3C3C6FC78300000000000ED
:1092B00000000000000000303030F0F030303000AE
:1092C00000000000FFFF00000000000000000000A0
:1092D0000000000000F0F000000000F0F000003F8F
:1092E0007FE0C0C0E07F3F00000000000000000001
:1092F000000000F0F000000000F0F000001F3F60F0
:10930000C0C0603F1F00000000000000000000001F
:1093100000F0F000000000F0F000007FFFC07F7F51
:10932000C0FF7F00000000000000000000000030CF
:10933000F0C00000C0F0300000C0F0390F0F39F06D
:10934000C0000000000000000000000000F0F0007D
:10935000000000F0F00000010306FCFC0603010021
:10936000000000000000000000000030303030300D
:10937000B0F0F00000F0F8DCCEC7C3C1C0000000C0
:109380000000000000000000000000F0F03030009D
:109390000000000000FFFF000000000000000007C8
:1093A0000706060000000030F0C0000000000000CA
:1093B000000000030F3CF0C00000000000000000AF
:1093C000000303000000003030F0F0000000000057
:1093D000000000FFFF000000000000060607070075
:1093E00000000010080C06060C0810000000000029
:1093F000000000000000000000000000000000006D
:10940000000000000000000000000000000000005C
:10941000000000000006060606060606060000001C
:109420000002060E0800000000000000000000001E
:10943000000000000000000000000000000080802C
:109440008080800000000078FDCDCDCDCDFFFE00F6
:109450000000000000000000000000F0F00080802C
:109460008000000000FFFF63C1C1E37F3E000000F9
:1094700000000000000000000000008080808000EC
:109480000000003E7FE3C1C1E36322000000000052
:1094900000000000000000000080808000F0F0006C
:1094A000003E7FE3C1C163FFFF0000000000000039
:1094B0000000000000000080808080000000003E6E
:1094C0007FFBD9D9DB5F1E00000000000000000018
:1094D0000000000000E0F03030303000000303FFF7
:1094E000FF03030303000000000000000000000071
:1094F00000000080808080000000003E7FE3C1C14A
:1095000063FFFE0000000C0C0C0C0E07030000F0C3
:10951000F00080808000000000FFFF03010103FFD6
:10952000FE0000000000000000000000000080803D
:109530009898000000000000C1C1FFFFC0C00000FB
:109540000000000000000000000000000080809883
:10955000980000000000000101FFFF000000000073
:109560000C0C0E070300000000F0F00000008080EB
:10957000000000FFFF1C163361C0800000000000E7
:1095800000000000000000003030F0F0000000009B
:109590000000C0C0FFFFC0C00000000000000000CD
:1095A000000000000080800080800080000000FF3C
:1095B000FF01FFFF01FFFF000000000000000000AE
:1095C00000000080800080808000000000FFFF031A
:1095D000010103FFFE000000000000000000000089
:1095E00000000080808080000000003E7FE3C1C159
:1095F000E37F3E000000000000000000000000804B
:10960000800080808000000000FFFF63C1C1E37F15
:109610003E00000F0F00000000000000000000806E
:10962000808000808000003E7FE3C1C163FFFF00B7
:10963000000000000000000F0F000080800080800C
:109640008080800000FFFF0703010101010000008E
:10965000000000000000000000000080808080000A
:10966000000000266FCDC9C9D97B32000000000080
:10967000000000000000000080F0F080808000000A
:109680000000017FFFC1C1C1000000000000000018
:109690000000000000808000000000808000003F8B
:1096A0007FE0C0C060FFFF0000000000000000007D
:1096B000000000808000000000808000001F3F60EC
:1096C000C0C0603F1F00000000000000000000005C
:1096D00000808000000000808000007FFF703C3C24
:1096E00070FF7F000000000000000000000000800C
:1096F000800000000080800000C1E3773E3E77E3F9
:10970000C100000000000000000000000080800098
:10971000000000808000003F7FE0C0C060FFFF00CD
:1097200000000C0C0C0C0C07030000808080808073
:109730008080800000C1E1F1D9CDC7C3C100000025
:109740000000000000000000000000C0E030101029
:109750000000000008FFF70000000000000000010A
:1097600003060404000000000000F0F00000000008
:1097700000000000FFFF00000000000000000101E9
:10978000000000000000101030E0C00000000000E9
:10979000000000F7FF0800000000040406030100B9
:1097A00000000030180818302030180000000000B9
:1097B00000000000000000000000000000000000A9
:1097C0000000000000000000000000000000000099
:1097D000000000F80000000000000017000000007A
:1097E0000000380038000000000000000000000009
:1097F0000020F82020F8200000041F04041F0400AB
:10980000205088FC881020000408103F1009060032
:1098100010281080601800000018060108140800C5
:1098200000708888700000000E111011120C1300D7
:1098300000003800000000000000000000000000F0
:10984000000000E0F81C0602000000071F3860401E
:109850000002061CF8E00000004060381F0700000E
:10986000008000C00080000000020107010200002B
:10987000000000C00000000000010107010100001D
:109880000000000000000000000058380000000048
:1098900000000000000000000001010101010000C3
:1098A0000000000000000000000018180000000088
:1098B00000000080700C000000601C03000000002D
:1098C00000F008088848F000000F121110100F0077
:1098D000002010F8000000000010101F1010000001
:1098E00000100808088870000018141211101000E9
:1098F00000100888888870000008101010100F00F1
:109900000000C03008F8000000070404041F040031
:1099100000F88888888808000008101010100F00D0
:1099200000F0888888881000000F101010100F00B9
:109930000008080808C838000000001C03000000E8
:109940000070888888887000000F101010100F00B9
:1099500000F008080808F0000008111111110F00AC
:1099600000008080000000000000191900000000C5
:109970000000808000000000000059390000000055
:1099800000000080402000000000010204080000E8
:1099900000404040404040400002020202020202F9
:1099A00000002040800000000000080402010000C8
:1099B0000030080808887000000000001700000050
:1099C000E0108848C810E0000F1027242324070067
:1099D00000806018608000001C03020202031C006B
:1099E000F8888888888870001F10101010100F00E9
:1099F000E0100808080810000708101010100800F0
:109A0000F80808080810E0001F10101010080700E0
:109A1000F8888888888808001F101010101010001F
:109A2000F8888888888808001F000000000000006F
:109A3000E0100808080810000708101011111F0096
:109A4000F88080808080F8001F00000000001F0068
:109A5000080808F8080808001010101F101010005F
:109A6000000000000000F8000608101010080700B1
:109A7000F8808040201008001F0001020408100038
:109A8000F8000000000000001F101010101010005F
:109A9000F86080008060F8001F00010601001F00D0
:109AA000F83040800000F8001F000001020C1F0089
:109AB000E01008080810E000070810101008070060
:109AC000F80808080808F0001F0101010101000062
:109AD000E01008080810E00007081010140817002C
:109AE000F80808080808F0001F010101030D100024
:109AF00070888888080810000810101011110E00D6
:109B0000080808F8080808000000001F000000000E
:109B1000F80000000000F800070810101008070007
:109B200018E0000000E0180000000718070000001F
:109B3000F80080788000F800031C0300031C030079
:109B40000830408040300800180601000106180067
:109B500018608000806018000000011E01000000F5
:109B6000080808884828180018141211101010004E
:109B70000000F8080800000000001F10100000009E
:109B8000000C708000000000000000031C6000005A
:109B900000000808F8000000000010101F0000007E
:109BA000002010081020000000000000000000004D
:109BB0000000000000000000004040404040400025
:109BC000000008102000000000000000000000005D
:109BD0000000404040408000000C121212121F0092
:109BE00000F8404040408000001F101010100F008F
:109BF0000080404040408000000F1010101008000E
:109C0000008040404040F800000F101010101F006E
:109C10000080404040408000000F121212120B00E2
:109C2000004040F0484848000000001F00000000CD
:109C3000008040404040C000000F909090907F0016
:109C400000F8804040408000001F000000001F001E
:109C500000404040C8000000001010101F1010000D
:109C600000404040C8000000008080807F0000006D
:109C700000F8000000804000001F020509101000DD
:109C8000000808F8000000000000000F101010008D
:109C9000C0404080404080001F00001F00001F00A7
:109CA00000C0804040408000001F000000001F00F6
:109CB0000080404040408000000F101010100F0046
:109CC00000C040404040800000FF101010100F0006
:109CD000008040404040C000000F10101010FF00F6
:109CE00000C0804040408000001F000000000000D5
:109CF00000804040404080000009121212120C0007
:109D00000040F0404040400000000F1010100800DC
:109D100000C000000000C000000F101010081F005D
:109D2000C00000000000C00000030C100C03000085
:109D3000C00000C00000C000071806010618070098
:109D40004080000000804000100805020508100057
:109D5000C00000000000C00080834C300C030000F5
:109D6000004040404040C000003028242221200014
:109D70000000F0080800000000011E202000000084
:109D8000000000FC000000000000003F0000000098
:109D900000000808F0000000000020201F01000063
:109DA00000808000000000000100000102020100AC
:109DB00000000000000000000000000000000000A3
:109DC00000FC0000000000000200000000001C0079
:109DD0001C0000000000000000000090FC90FC90BF
:109DE0000000000300030000009824FE44980000D7
:109DF00001020702010000089468900C00000300B3
:109E00000102010000B844A418C0000001020201D0
:109E100002000000001C0000000000000000000024
:109E20000000F00C0200000000000304000000002D
:109E3000020CF000000000040300000000A040F04D
:109E400040A00000000001000000004040F0404041
:109E50000000000001000000000000800000000081
:109E600000020100000000404040404000000000AF
:109E700000000000000000000000000000000100E1
:109E800000000000806018060000060100000000CD
:109E900000F8846414F800000102020201000008C6
:109EA00008FC0000000002020302020000088444D3
:109EB000241800000302020202000008042424D82F
:109EC000000001020202010000E09884FC80000012
:109ED000000000030000003C242424C40000010210
:109EE0000202010000F8242424C80000010202023A
:109EF000010000040484641C000000000300000052
:109F000000D8242424D800000102020201000038F5
:109F1000444444F800000102020201000000002055
:109F20000000000000000100000000000020000010
:109F300000000002010000000040A0100800000026
:109F400000000102000000A0A0A0A0A000000000EE
:109F500000000000000810A0400000000201000006
:109F60000000000804C424180000000002000000E3
:109F700000F804E494F800000102020200000080EE
:109F8000704C7080000003000000030000FC2424DB
:109F900024D8000003020202010000F804040408AF
:109FA000000001020202010000FC040404F80000A9
:109FB00003020202010000FC242424040000030226
:109FC0000202020000FC242424040000030000001C
:109FD000000000F8040444C800000102020203006B
:109FE00000FC202020FC000003000000030000040F
:109FF00004FC04040000020203020200000000004E
:10A0000000FC000001020202010000FC6090080454
:10A01000000003000001020000FC0000000000003E
:10A0200003020202020000FC30C030FC000003000A
:10A030000000030000FC186080FC00000300000129
:10A04000030000F8040404F8000001020202010009
:10A0500000FC44444438000003000000000000F805
:10A06000048404F8000001020201020000FC4444E0
:10A07000C4380000030000000300001824244488B2
:10A080000000010202020100000404FC04040000BC
:10A0900000000300000000FC000000FC00000102C2
:10A0A00002020100001CE000E01C000000000300B0
:10A0B0000000007C807C807C000000030003000026
:10A0C000000C9060900C0000030000000300000CE6
:10A0D00030C0300C00000000030000000004846465
:10A0E000140C00000302020202000000FC04040041
:10A0F000000000030202000000061860800000005B
:10A1000000000001060000000404FC000000000242
:10A110000203000000100804081000000000000006
:10A120000000000000000000000002020202020025
:10A130000000040800000000000000000000008093
:10A14000505050E0000001020202030000FC101019
:10A1500010E0000003020202010000E010101020D5
:10A16000000001020202010000E0101010FC0000DB
:10A1700001020202030000E05050506000000102A2
:10A1800002020100001010F8141400000000030087
:10A19000000000E0101010F00000010A0A0A070099
:10A1A00000FC201010E0000003000000030000107D
:10A1B00010F4000000000202030202000000101070
:10A1C000F400000008080807000000FC40A0201070
:10A1D0000000030000010200000404FC0000000075
:10A1E00000000102020000F010E010E00000030097
:10A1F0000300030000F0201010E000000300000046
:10A20000030000E0101010E0000001020202010053
:10A2100000F0101010E000000F020202010000E048
:10A22000101010F00000010202020F0000F02010D8
:10A23000102000000300000000000020505090207B
:10A240000000010202020100001010FC10100000CA
:10A2500000000102020000F0000000F00000010216
:10A26000020103000030C000C03000000000030005
:10A27000000000F000F000F0000000030003000008
:10A28000001020C020100000020100010200007038
:10A290008000807000000809060100000010905046
:10A2A000301000000302020202000020DC02020063
:10A2B0000000000102020000000000FC000000009D
:10A2C00000000300000000000202DC200000000289
:10A2D000020100000040204080400000000000001B
:10A2E00000000000000000000000002F000000003F
:10A2F0000700070000147F147F1400242A7F2A120D
:10A3000000231308646200364955225000000007FC
:10A31000000000001C224100000041221C0000142B
:10A32000083E08140008083E0808000000A060006D
:10A3300000080808080800006060000000201008FD
:10A340000402003E5149453E0000427F4000004269
:10A3500061514946002141454B31001814127F10CC
:10A36000002745454539003C4A49493000017109FB
:10A37000050300364949493600064949291E0000AF
:10A380003636000000005636000000081422410056
:10A390000014141414140000412214080002015186
:10A3A0000906003E4955592E007C1211127C007F8F
:10A3B00049494936003E41414122007F4141221C2A
:10A3C000007F49494941007F09090901003E41498F
:10A3D000497A007F0808087F0000417F4100002083
:10A3E00040413F01007F08142241007F404040402F
:10A3F000007F020C027F007F0408107F003E414175
:10A40000413E007F09090906003E4151215E007F5F
:10A41000091929460046494949310001017F0101D6
:10A42000003F4040403F001F2040201F003F403879
:10A43000403F0063140814630007087008070061B8
:10A440005149454300007F414100000204081020AB
:10A45000000041417F00000402010204004040402E
:10A460004040000001020400002054545478007F52
:10A470004844443800384444442000384444487F29
:10A4800000385454541800087E0901020018A4A48E
:10A49000A47C007F080404780000447D4000004054
:10A4A00080847D00007F102844000000417F400030
:10A4B000007C04180478007C0804047800384444C4
:10A4C000443800FC242424180018242418FC007CA0
:10A4D0000804040800485454542000043F44402019
:10A4E000003C4040207C001C2040201C003C4030B0
:10A4F000403C004428102844001CA0A0A07C00443C
:10A5000064544C440000087F41000000007F0000BC
:10A510000000417F0800000804081008B3A40000F0
:10A5200000000000FFFF0020707038381C0E06028B
:10A530000000000000030303FFFF8383838F7F7B02
:10A54000E3C3C38383030000000000030703030386
:10A550000101000000010303030100B5C40000F085
:10A56000F03C3E3E32F0F0C0F07E3E323030F0F053
:10A57000000000FFFF06060606FFFF0001061F7C25
:10A580003880FFFF0000000F0F03030303030300E5
:10A5900000020C0C0C0F07000000C1E300007072F9
:10A5A000125252525212FEFE525252521272700007
:10A5B000001030307859595D4D5C777F4DD9D9D92D
:10A5C0007970301000000000000001010303030750
:10A5D00007070D000000000000D2BB0000000000D3
:10A5E000000000000000000000000000000000006B
:10A5F00000070707070707070707070707070707F2
:10A600000707070000000000000000000000000035
:10A610000000000000000000B6FE00000000383816
:10A6200038383838383838383838380000000000C2
:10A63000808080808080808080808080808080801A
:10A640008000000003030303030303030303030366
:10A6500003030303030000C8FD00000018181818C6
:10A6600018181818181818181818180000000000E2
:10A670000006060606060606060606060600000092
:10A6800000000003030303030303030303030303A3
:10A69000030303030000CBC4000000FCFC0C0C0C03
:10A6A000FCFC0C0CFCFC0C0C0CFCFC00000000FF87
:10A6B000FF10783E1F0300000F1F181818FFFF003F
:10A6C000000000070703030303030303030303035B
:10A6D0000307070000CEE50000001818181818F846
:10A6E000F878181818181818000000000000000664
:10A6F0000606FEFF1F060606FEFE0600000000001E
:10A7000000060606060707070606060607070606EA
:10A7100006060000C1F90000C0C0C0C0C0C0C0C66D
:10A72000FEFED8C0C0C0C0C0C0C000000000C0E075
:10A73000F87C1C040000040C3CF8F0C08000000011
:10A7400002070F03000000000000000000000307E4
:10A75000070200C6DF0000000000000000FEFE80CF
:10A7600080808080C0C0C0C00000000007070707CD
:10A7700003FFFF03030101010101E1C0000000002C
:10A780000000000000030706060606060607030190
:10A790000000B0CB000000000000FCF81800000032
:10A7A0007CFC80000000000000000080E0FE3F070D
:10A7B00000000000000F7FF8C080000000040F07B9
:10A7C000030100000000000000000001070F060464
:10A7D00000BEC5000000C0C0C0C0C0FEFEC0C0C0FA
:10A7E000C0C00000000000000000000080E0FC3F4E
:10A7F00003000000FFFF000000C080000002060709
:10A80000030100000000000003070606060703001E
:10A81000CAAE00000000000000000000FEFE0000C4
:10A820000000000000000000030303030303030310
:10A83000FFFF030303030303030300000000000002
:10A84000000000000707000000000000000000C436
:10A85000E3000080E0F8FF0EC2E0FC3F3E32F0F083
:10A860003030B0F0F000010703FFFF0080E1FC7C16
:10A870000C00FFFF001CFFF980000000000F0F001C
:10A88000010103000C0C0F07000003010100BAC313
:10A89000000060E0FEFE6060E060000C0C0C8CECE0
:10A8A0007C3C0C040000081F3FF8F0FFDF80060628
:10A8B0000606FFFF060606060000040E0703010158
:10A8C000070300040C0C0F070000000000CAC000C2
:10A8D00000C0C0C0FCFCC0C0C0FEFEC0C0C0FEFEC8
:10A8E000C0C0C00000000000FFFF0000003F3F307C
:10A8F00030303F3F00000000000000000707060660
:10A90000060606060606060606060000BDE7000067
:10A910000000FEFE66666666FEFE66666666FEFE13
:10A92000000000002070333B1FFFFF07030307EF09
:10A93000FF1B3B737010000000040E0E07030100A4
:10A940000000000F0F000000000000B4F30000C082
:10A95000C0C0C0C0C0C0FFFFC0C0C0C0C0C0C0C079
:10A96000000000000080C0E0F83F1F071F7CF0E0FF
:10A97000C080000000000002070303010000000087
:10A9800000000001030707020000D0A10000000042
:10A9900000C0C0400000FEFE000080C0C0000000FB
:10A9A000000040F87F1F07000000FFFF00000003C9
:10A9B0001FFFFC60000000000000040C0C0C0F07DF
:10A9C000000000000000000000B6E0000000307051
:10A9D00038585CEECFCFCEEC7C3C1C0C0000000065
:10A9E00000020E062677333B5BFDCFCFCFCFED7C49
:10A9F0003C1C0C0000060E0E0E06060707030303A0
:10AA00000101000000000000C9D900000080E0F052
:10AA1000300000FEFE00000070F0C080000000006A
:10AA2000060F03000000003FBF80C0E07830130F26
:10AA3000060000040E0E0E060606070303010100C1
:10AA400000000000000000C7B0000030B0B2B6BE89
:10AA5000BEB8B0B030B0BC3E3EB2B0300000000076
:10AA6000FFFFCDCDCDCDFFFF00FFFF0000FFFF00BA
:10AA7000000000000F0F00000C0C0F070000040C7A
:10AA80000C0F07000000BAF300000000FCFCCCCC67
:10AA9000CCCCCECEC6C6C6C6C7C4C000000000C05F
:10AAA000FF7F00F8F818181818181818F8F80000A0
:10AAB0000000060F0300000F0F0606060606060636
:10AAC0000F0F000000C0EF00000000FEFE6666668B
:10AAD00066FEFE66666666FEFE00000000006067B9
:10AAE0006766666666FFFF666666666767600000A3
:10AAF00000060606060606060607070606060606FA
:10AB000006060600CDE200000080F0FE3E3630F082
:10AB1000F0F000FEFE800000000000000207038449
:10AB2000CEFCFC3F0F0000FFFF03070E1C080000D7
:10AB300002060F07030100000000000F0F000000D5
:10AB4000000000C0FD0080C0F8FE0E0CCCFCFCCC68
:10AB5000CCCC00F8F800FEFE00000107FFFF081E45
:10AB60000F3BF8FC7F07007F7F00FFFF0000000025
:10AB70000F0F00040E070301000000040C0C0F0768
:10AB80000000D7D3000000000C0C0C0C0C0CCCCC3B
:10AB9000EC7C3C3C1C08000000000C0C0C0C0C0C69
:10ABA0000C0CFFFF0C0C0C0C0C0C0C0C000000002F
:10ABB0000000040C0C0C0F07000000000000000057
:10ABC00000C8B7000086F6FE9E868620F0FCFFCE09
:10ABD000CCFCFCDCC8C00000021FFFFF81FFFF00AF
:10ABE00000FFFF66FFFF6666FFFF0000000007072B
:10ABF000010101040F0700000707040C0F07000004
:10AC0000B6A8000000F8F8989898989A9E9E989890
:10AC1000989818F8F80000000000C0FDFDC18101FF
:10AC2000FFFF313131313000000000000207030026
:10AC3000010303030707060606060606060200C808
:10AC4000CF00008080848EBC180000000000FEFE53
:10AC500000000000000000010101FFFFC0E0808053
:10AC6000E0FE3F3FFCE0800000000000000607031C
:10AC700001020F07030100000003070F0200C8A133
:10AC800000000CFCFCCCCCFCFC0C18F8F898181854
:10AC9000F8F81800008080FFFFCCCCFFFFC0C00098
:10ACA00087FFF8FE9F030000000003030101010F6E
:10ACB0000F00060E07030101030F060000CFFB0083
:10ACC00080C4C78E9C0402CEFED8D0C0FFFFC0D087
:10ACD000DECE0200000081E3F92000FFFFCCCCCCE7
:10ACE000CCCCCCCCFFFF000000060F070100000F0A
:10ACF0000F00000000040C0C0F070000C9E8000062
:10AD00008086869C088080E0FE3E0606067EFEC0A9
:10AD1000C08000000101FFFF80E08D1D7CECCC8C29
:10AD2000CCEC7C1C0400000000060F0301050C0E97
:10AD3000060703030707060E0C0400D6C30000C075
:10AD4000DEDED2D2DEDEF2F2D2DEDED2D2DEDEC055
:10AD50000000000000FEFE52525253535252525213
:10AD6000FEFE0000000000040407070505050505B8
:10AD700005050505070704040000B2CB0000004CE0
:10AD8000CCCCCCDEDECCCCECEC6C7E7E6CEC4C0C1B
:10AD900000000030323FB6F4F071FFFA70F0F4B604
:10ADA000BF37313000000107070303010000070728
:10ADB000000001010303070301B5A500000000F036
:10ADC000F2B6BEBCB8F0F0B0B8BEBEF2F000000003
:10ADD00000C0C0DFDFD9D9D9D9FFFFD9D9D9D9DF90
:10ADE000DFC0C000000000000000000000070700F6
:10ADF0000000000000000000CFEE00001818F8F876
:10AE0000181806E6E6667E7E7E6666E6E6060020A2
:10AE1000E0E07F7F3030207F7F80C0FF7F80807FB9
:10AE20007F0000000000000000040E06070301017F
:10AE3000010103030F0600B7B50000020E1E180043
:10AE400000FCFC6C6C6C6C6EE6E6E6040000000333
:10AE500083FFFF40F87F4FE2E77E3C3E7FE3400008
:10AE600000000207070101030306060606060606A0
:10AE7000060606060000BBD8000000FEFE0606C659
:10AE8000C6C6C6C6C6C6060606FEFE00000000FF11
:10AE9000FF00003F3F3030303F3F000000FFFF0029
:10AEA0000000000F0F060606060606060606060642
:10AEB000060F0F0000C9CF000000000000000000D6
:10AEC000FEFE808080808080800000000000000006
:10AED00000000000FFFF010101010101010000006D
:10AEE0000006060606060606070706060606060606
:10AEF00006060000CFC200000C0C0C0C0C0C0CFC65
:10AF0000FC8C8C0C0C0C0C0C0C00000000000000E5
:10AF1000000000FFFF0303070E1E1C0800000000D6
:10AF20000000000000000007070000000000000013
:10AF3000000000B0B400003030FFFF3030007878FF
:10AF400018F9FE1F181878780000103030FFFF182D
:10AF50001C1E4676FECFC7C6FE7E0E060000000C05
:10AF60000C0F070000040C0E0607030303070E0472
:10AF70000000BCFC002070FCDEDED8D88CECBCEC01
:10AF80006464FEFE64FCFC6000001818FFFF98D8A3
:10AF900033F1FF036D6DFFFF6D6D6D600000000408
:10AFA0000F07030D0E0303070E0E0D0D0C0C0C0CFA
:10AFB00000B7C70000001818181818FFFF0000FF9E
:10AFC000FF1818181818000000006363636363FF1C
:10AFD000FF0000FFFF636363636300000000000085
:10AFE0000000000F0F00000F0F0000000000000025
:10AFF000B3A30000F8FA1E1F9E9898989F9F9898F8
:10B000009C9F1EFAF80000000101E0E0676764649D
:10B01000FCFC64646767E0E10100000000000707D2
:10B02000000000000F0F000206060703000000CE1C
:10B03000C40030303030F0F0B030363F3E38B0F041
:10B04000F03030303000000000000083CFDEFC70B4
:10B05000FCDECF83800000000000020E0707030320
:10B060000101000000010103030707060200B1BE51
:10B0700000006060606060E0E0E0FEFEE0E06060D4
:10B08000606060000040C0E0F8FCDFCFC3C0FFFF9D
:10B09000C0C7DFFEF8F0E040000000000000000044
:10B0A00000000F0F000000000001010000D6D000DA
:10B0B0000000F0F03030303030FFFF3030303030D2
:10B0C000F0F0000000003F3F1818181818FFFF1894
:10B0D000181818183F3F0000000000000000000092
:10B0E000000707000000000000000000B9FA00009F
:10B0F00000FEFE0666666666E6E66666666606FE4E
:10B10000FE00000000FFFF00606666667F7F6E7EC7
:10B11000767000FFFF000000000F0F06060606060F
:10B12000060606060606060F0F0000A1F600000040
:10B1300000F0F818189898989898981818F8F0004F
:10B140000000000000FFFF80809F9F9F9F9F9F80C7
:10B1500080FFFF000000000000000101010101016B
:10B1600001010101010100000000A1F50000000043
:10B17000F0F818181818181818181818F8F000000F
:10B1800000000000FFFF80808080808080808080C1
:10B19000FFFF0000000000000001010101010101AA
:10B1A00001010101010000000000000000FE020298
:10B1B0000262721A0A0A0A0A9AF2E2020202FE0005
:10B1C00000FF00000000000000BEBE0301010000FF
:10B1D0000000FF000007040404040404040505043F
:10B1E0000404040404040700B3A40080808080FFEA
:10B1F0008080A0908884828080800000000000FF12
:10B200004021120408102020404000B5C40000F87E
:10B210000C0B0808F840308F080808F80000007F81
:10B22000212121217F0000004380403F0000C1E335
:10B2300000100C05555555857F8555555505140C41
:10B24000000404020A09292A4C48A919020204042C
:10B2500000D2BB0080808080808080808080808061
:10B26000808080000000000000000000000000005E
:10B2700000000000B6FE00000008080808080808E2
:10B28000080808080000001010101010101010100E
:10B2900010101010101000C8FD0000048484848475
:10B2A000848484848484840400002020202020203E
:10B2B00020202020202020202000CBC40000FC04DF
:10B2C0000404FC040404FC040404FC0000007F28C3
:10B2D000242320202020212222227F0000CEE500EE
:10B2E0000002424242C27E42424242C20202000088
:10B2F00040404040784740404040407F4040400010
:10B30000C1F90020202020202021222C20202020D4
:10B31000202000004020100C03000000010204184F
:10B32000600000C6DF00808080808040FF40404099
:10B330002020202000000000000000003F4040408E
:10B34000404040780000B0CB000000000000FC004E
:10B3500000007E80000000000000806018070000F0
:10B36000000000030C30408000BEC500001010102B
:10B3700010FF10101010F000000000008040201896
:10B380000700000000003F4040407800CAAE004087
:10B39000404040404040FF4040404040404000006E
:10B3A000000000000000FF0000000000000000C4DA
:10B3B000E300008060F8074020180F08C80808283C
:10B3C0001800010000FF00100C0340807F00010600
:10B3D0001800BAC3001010F01F10F000808282E243
:10B3E000928A868000402215081661000040807F06
:10B3F0000000000000CAC000202020FE2020FF2006
:10B400002020FF20202020000000007F40404744F3
:10B410004444474040400000BDE700000000FE9269
:10B420009292FE929292FE0000000008080484624C
:10B430001E010001FE020404080800B4F3002020ED
:10B440002020202020FF202020202020200080807D
:10B450004020100C0300030C102040808000D0A17D
:10B4600000000000E0000000FF000000204080001D
:10B4700000080403000040807F0000000000010E6F
:10B4800000B6E0000000101098A44744A4540C0437
:10B49000000000000081898944444A3121110905D6
:10B4A00003000000C9D90000008060180000FF0000
:10B4B00000089020C00000008180804040201308D8
:10B4C00004020100000000C7B0000808E8292E2887
:10B4D000E80808C80C0BE80808000000FF094989C3
:10B4E0007F00000F40807F000000BAF300000000E2
:10B4F000FC2424242422222223222020004020185D
:10B500000700FE424242424242FE000000C0EF00FD
:10B510000000FE92929292FE92929292FE000000A1
:10B52000404044444444447F4444444444404000F4
:10B53000CDE20000C0301F1010F00000FF2040805E
:10B54000000000814021120C03000000FF000000F9
:10B55000030000C0FD008060F80700847C2424E420
:10B5600000F800FF00000000FF00844321120C03DC
:10B57000004F807F0000D7D3008082828282828247
:10B58000E2A2928A86828080000000000000408053
:10B590007F0000000000000000C8B7000484E45CE5
:10B5A00044C42010E82724E4342CE00002017F107A
:10B5B000103F80601F09093F49897F00B6A800102D
:10B5C0000C4444444445C64444444444140C008060
:10B5D00040201E2040407F4444444444404000C832
:10B5E000CF00404042CC0000000000FF00000000FF
:10B5F00000000000003F9048201807000718204076
:10B600008000C8A1000202FE929292FE0206FC0493
:10B610000404FC000008180F080804FF04844027F5
:10B620001827408000CFFB001060020CC000E22C05
:10B63000203F2028E600000004047C030000FF09EE
:10B64000090949897F000000C9E800404042CC0058
:10B6500040A09E8282829EA02020000000003F9099
:10B660008840432C10284641808000D6C300001734
:10B6700015D55557557D555755D5151700004040E0
:10B68000407F555555555555557F40404000B2CBEC
:10B6900000040444C44F4444C424242FB4240404A8
:10B6A0000040442424150C04FE040C1524244440BA
:10B6B00000B5A5000000F8494A4C48F8484C4A49F2
:10B6C000F800000010101312121212FF12121212C0
:10B6D00013101000CFEE00080808F8080800F21256
:10B6E0001AD61212F202001030100F0808804F20F4
:10B6F000180710204F8000B7B500404042CC000032
:10B70000FC24A4242222A36200000040201F205811
:10B7100047504845424548504000BBD8000000FE15
:10B720000202F2121212F20202FE00000000007F7A
:10B730002020272424242720207F000000C9CF00B8
:10B74000000000000000FF4040404040400000007A
:10B750004040404040407F404040404040404000EA
:10B76000CFC200020202020202FE02024282020272
:10B77000020200000000000000FF000000000106BF
:10B78000000000B0B400101010FF9020988888E9E5
:10B790008E8888A898000242817F000080844B2810
:10B7A000102847800000BCFC004030EF242480E4D7
:10B7B0009C105454FF547C100001017F2151261825
:10B7C000274445455F45454400B7C7000888888839
:10B7D00088FF000000FF888888880800101010107B
:10B7E00010FF000000FF101010101000B3A3002085
:10B7F0001808EAACA8A8AFA8A8ACEA082818000066
:10B80000003E02020202FF020212221E000000CECF
:10B81000C40008080838C808090E0808C83808080D
:10B8200008008080404020110A040A112040408016
:10B830008000B1BE000010101010D030FF30D010CA
:10B84000101010000010080402090808FF08080979
:10B850000204081000D6D0000000F010101010FFF5
:10B8600010101010F000000000000F04040404FF8A
:10B87000040404040F000000B9FA0000FE02129252
:10B880009292F29292921202FE000000FF4048480B
:10B8900048484F484A4C4840FF0000C1C1000004DE
:10B8A000047454545556545454740404000084834E
:10B8B00041211D05050505057D818185E300B6C88B
:10B8C000000000FC242424FC252624FC2424240439
:10B8D0000040308F80844C55252525554C80808034
:10B8E00000BADA0000003E222A3222FE22322A2248
:10B8F0003E0000008868090929C9090F29C90909FA
:10B9000029C80800B0B50000FC8484FC404454659C
:10B9100046446454444000003F10103F0000FF497B
:10B92000494949FF000000C4A3001010D0FF901443
:10B93000E4AFA4A4A4AFE4040000040300FF008962
:10B940004B2A1A0E1A2A4B888000CABD001010908C
:10B95000909090901010FF101011161000002060B1
:10B96000203F10101000030C102040F800B4CB0052
:10B970000000F80000FF202000FF40201008000019
:10B9800020603F20101F1010003F404040407800D2
:10B99000B1B800809090484C57242424544C4480E3
:10B9A000808000000000FF4949497F494949FF0064
:10B9B000000000B9D80000001011161010F010108F
:10B9C0001413100000008181414121110D030D115C
:10B9D000214141818100D3DA00404042424242424B
:10B9E000FE424242424240400000000000004080CF
:10B9F0007F0000000000000000B8D0000000FC0440
:10BA0000D4545454D4047F84C5360400886601009D
:10BA100063828292AB8482C10224CF00D0BB0040FB
:10BA200042CC0000FC5655FC801010FF10100000A6
:10BA3000003F102A134A867F0043807F000000B930
:10BA4000DB0008488808C83800FE0202F20202FE45
:10BA5000000020100C03049840231806017E808308
:10BA6000E000BFB40020222A2AAA6A3A2E292929F6
:10BA7000292920200008040201FF55555555555528
:10BA8000FF00000000C1AC00404042CC0004446410
:10BA90005C47F444444404000040201F20444444D4
:10BAA00044447F4444444400CDF80000FE02224256
:10BAB0008272022242827202FE000000FF1008061B
:10BAC000010E100806014E807F0000BFCE004042EC
:10BAD000CC000000FE9292FE9292FE000000000058
:10BAE0003F100822120A06FF060A12222000C4D8BC
:10BAF0000000FC0404FC00FE2222A22222223E00BE
:10BB000000000F04844F300F00003F444442417056
:10BB100000CDA8004042CC0000E2222A2AF22A26C8
:10BB200022E0000080403F4080FF898989BF89A9C9
:10BB3000C9BF8000D0C500008060F807000424243D
:10BB400025262424240400010000FF000000F949F8
:10BB500049494949F90000D0AD001010FF1010000C
:10BB60009010FF1010F0800000000000FF00048221
:10BB700041300F40807F00010600D2E90040404282
:10BB8000CC00001CE0010600E01E000000000000E8
:10BB90003F90884020130C132040808000C8ED00A7
:10BBA00008C8B88FE8888840300FC80828180000F7
:10BBB00008180808FF048440300E010E3040800051
:10BBC000BCFE00008060F80780601C1010FF1010A1
:10BBD000100000010000FF000202020202FF020248
:10BBE000020200D7D600100C042424242526A464C5
:10BBF000240404140C00020202020242827F0202A8
:10BC0000020202020200CCE500008060F80710107A
:10BC100010D0FFD01010100000010000FF10080429
:10BC20000B08FF080B04081000B8DF00040404042C
:10BC3000F49495969494F4040404040000FE020223
:10BC40007A4A4A4A4A4A7A0282FE0000B3AC00406D
:10BC5000484848FF484842A29E82A2C2BE000080D7
:10BC6000601F207F4444404F484848484F4000B53B
:10BC7000AF0002E222223E0000F94A4CF84C4AF999
:10BC80000000004382423E0010131212FF121213F2
:10BC90001000B6AF004044C4444444401010FF10AC
:10BCA0001010F00000103C131014B840300E01408A
:10BCB00080403F0000BBAD0002F20202F29292F21D
:10BCC0009292F20202F20200007F40404F48484F39
:10BCD00048484F4040FF0000C1D0000002C2321E61
:10BCE0001212F20200F80000FF000002814021124F
:10BCF0000C030000000F40807F0000B1ED00000445
:10BD00002424242424FF2424242424040000212186
:10BD10001109FD8341230509112925414100C7F877
:10BD20000000FE0202021222428242221A02020095
:10BD300000007F4040484442414041424C40404026
:10BD400000D3F2002020FF202008C84848C808FF80
:10BD50000809CA0010301F080820672414975027CC
:10BD60003846F100BCC600404042CC004040404054
:10BD7000FF4040404040000000007F2010000000D5
:10BD8000FF000000000000CBE3000804F35256520D
:10BD9000525054535256F2020200101097553D155E
:10BDA00015151515FD1517101000C6F70080809E9B
:10BDB0009292929EE0809EB2D2929E80000808F4F9
:10BDC000949292F10001F2929494F80800B2E20089
:10BDD0001060028C00FE02F202FE00F800FF00007C
:10BDE00004047E018047300F10270047807F000049
:10BDF000CAD400404042CC009090909090FF101127
:10BE00001610000000003F1028603F1010010E3097
:10BE100040F000A1F6000000F80404E4E4E4E4E4E7
:10BE2000E40404F8000000001F202027272727270C
:10BE30002720201F0000A1F5000000F804040404DE
:10BE4000040404040404F8000000001F2020202043
:10BE50002020202020201F0000000000FF01010101
:10BE60003109090909897101010101FFFF80808001
:10BE70008080809681808080808080FFC6C10000A5
:10BE8000FF05252DF52525F52D27000807010905B6
:10BE90000301010F010100C4BB0082BAAAEFAABAD4
:10BEA000AAAFAABA820004020F02020F020A0F020E
:10BEB0000400C1C1008282BAAAAAABAAAABA82822D
:10BEC00000090806020202020608080D00B6C800B2
:10BED00000FE0A8ABEAAABAABE8A0A0008070008AA
:10BEE000090A04040A090800B3A400202020FF283E
:10BEF00028E424222220000000000F040200010296
:10BF0000040400B5C400FC464544FC100827C404E2
:10BF1000FC000F0404040F00000008080700C1E340
:10BF2000000C25ADAD45BF45ADAD250C00010100B0
:10BF30000505050B0900010100D2BB00404040404F
:10BF40004040404040404000000000000000000031
:10BF500000000000B6FE000004040404040404040D
:10BF6000040000040404040404040404040400C8D9
:10BF7000FD000002424242424242420200000808E2
:10BF800008080808080808080800CBC40000FE02DA
:10BF9000827E02027E8282FE00000F0504040404F9
:10BFA0000404040F00CEE500022222E23E222222F7
:10BFB000E202000008080E09080808080F08080037
:10BFC000C1F900101010D011161050901010000878
:10BFD0000403000000000000030C00C6DF00202066
:10BFE0002020FF10101010101000000000000708A3
:10BFF000080808080E00B0CB00000000FE0000009A
:10C000007F80000000080403000000000001060813
:10C0100000BEC500080808FF080808F80000000076
:10C02000080403000000000708080E00CAAE002044
:10C0300020202020FF2020202020000000000000E1
:10C040000F000000000000C4E3002010FC0310CF2C
:10C0500004F404548C0000000F000201080F0000DB
:10C060000300BAC30088780F88784242F24A4640FB
:10C0700000080502050800080F00000000CAC00003
:10C080001010FE1010FF1010FF10100000000F081D
:10C090000809090909080800BDE700809F95555562
:10C0A0003F5555959F8000000804030000000F00D5
:10C0B000000000B4F30010101010D03FD01010108A
:10C0C0001000080804030000000304080800D0A1C1
:10C0D0000000C0300000FF00001060800001000080
:10C0E00008080F000000000100B6E00090904854DE
:10C0F00023924A6652C0400008080809050403025A
:10C1000001000000C9D90020100C0000FF000084CD
:10C11000083000080808040402020100000000C7FB
:10C12000B00004F4555654F404E605F40400000F7E
:10C130000101090F0003080F0000BAF3000000FE20
:10C14000129292929191919000080601000F0404BE
:10C150000404040F00C0EF00007F494949FF49492A
:10C16000497F000008090909090F090909090800A0
:10C17000CDE20040304F88780000FF1020C000085A
:10C180000402010000000F00000000C0FD0010FCD0
:10C1900083629E12F200FC00FF00000F00080403FF
:10C1A000000009080F00D7D3004040424242F24A43
:10C1B000464240400000000008080F000000000058
:10C1C00000C8B70042F22EE200F453F25A56F000D3
:10C1D000000702070807010701090F00B6A8002C95
:10C1E00024A42425E6242424242C00080403040881
:10C1F0000F090909090800C8CF001011F20000005A
:10C20000C03FC0000000000007020906010001064F
:10C210000800C8A10002FE5252FE0204FC04FC0009
:10C2200000020302020F01080403040800CFFB0010
:10C2300010220400F254505F5054F2000402010036
:10C240000F01010101090F00C9E8001011F20050AF
:10C25000CF41414FD0100000000702080805020539
:10C26000080800D6C3001017D555577D5755D51768
:10C27000100008080F08080E08080F080800B2CBC5
:10C28000001232521732D2124F2A0A02000909054F
:10C2900003010F010305090900B5A500007C5556EF
:10C2A00054FC5456557C000001010101010F0101AD
:10C2B00001010100CFEE0002FE0200F9090DEB09B9
:10C2C00009F900020101080904020102040900B78A
:10C2D000B5001011F200FE0A2A4A89493900080403
:10C2E000030609080A0908090A00BBD80000FE0273
:10C2F00002F29292F20202FE00000F04040404040F
:10C300000404040F00C9CF0000000000FF1010104B
:10C3100010100000080808080F080808080808009E
:10C32000CFC20002020202FE02122242820200007A
:10C330000000000F00000000010000B0B400888879
:10C34000FF48004CC47546C44C0000080F000808A4
:10C35000050202050800BCFC0094F39264DC88AA84
:10C36000FFAABE0800000F040A070A0A0F0A0A0AF9
:10C3700000B7C70004242424FF00FF242424040061
:10C38000010101010F000F0101010100B3A3000C25
:10C3900004755654D7545675040C0000070101016A
:10C3A0000F010105070000CEC40004041C648506CB
:10C3B00084641C0404000808040402010204040844
:10C3C0000800B1BE000404846414FF1464840404EF
:10C3D0000002010202020F020202010200D6D00096
:10C3E00000F8888888FF888888F80000000100002D
:10C3F000000F000000010000B9FA00FF012525250B
:10C40000FD2565A501FF000F0505050505050505C9
:10C41000050F00D7D6000C0424242526A464240488
:10C420000C0001010109090F010101010100CCE526
:10C430000010FC03884828FF2848880000000F01EE
:10C440000002020F0202000100B8DF008282BAAAD5
:10C45000AAABAAAABA8282000F00000E0A0A0A0E2C
:10C4600000080F00B3AC0020A424FF2420D24E42C9
:10C4700052DE000807040F09090B0A0A0A0B00B56F
:10C48000AF00F2929E007C5556FC56557C00080881
:10C4900007000101010F01010100B6AF0010D23207
:10C4A00092100008FF0808F80003020202030806C1
:10C4B0000108080700BBAD00FD01FD2525FD252570
:10C4C000FD01FD00070405050505050505040F0030
:10C4D000C1D00042225E9212F200FC0000FF000078
:10C4E0000804020100000108080F00B1ED004044FB
:10C4F0005454D47FD454544440000404020F08041C
:10C500000102040A0900C7F80000FE020A12A24252
:10C51000A2120A0200000F080A09080808090A08FE
:10C5200000D3F20010FF1000F494F404FF846500BF
:10C530000407020004040A0403050E00BADA00002E
:10C540005F515551FF5155515F0000090501050923
:10C5500001050901050900B0B500FE22FE24ACB4B6
:10C56000A5A6B4AC2400070207000F0A0A0A0A0FA6
:10C570000000C4A3008868FF4802FAAFAAAFFA021D
:10C580000000000F000A0A0603060A0A00CABD00DE
:10C59000084848C8484808FF08090A00080808076A
:10C5A0000404040003040E00B4CB0000F800FF20D4
:10C5B0002000FF20100C00080F08070404000708E3
:10C5C000080E00B1B8002024D2574ACA4A56D220D9
:10C5D000200000000F05050705050F000000B9D871
:10C5E000004048494A48F8484A4948400008080479
:10C5F000020100010204080800D3DA0020212121F1
:10C6000021FF21212121200000000008080F000047
:10C6100000000000B8D00000FE02EAAAEA029F6211
:10C620009BC20009060006080A0D080C020D00D086
:10C63000BB0011F280FEABAAFE4088FF0800000F8D
:10C64000040201080F00080F0000B9DB0014648425
:10C650007C00FE02F202FE00000402010608040350
:10C660000007080E00BFB40020AAEAAABAAEA9A922
:10C67000A9E9200001000F0A0A0A0A0A0A0F0000AD
:10C68000C1AC0021E20004342C27F4242404000867
:10C690000708090909090F09090900CDF800FF0970
:10C6A0009161910991619109FF000F010000000162
:10C6B000000008090F00BFCE0011F2405F5555FF82
:10C6C00055555F40000007020402010F01020404F7
:10C6D00000C4D800FE0202FE00FE12D212925E00DA
:10C6E000030101030807000709080E00CEC4000477
:10C6F000041C64850684641C040400080804040205
:10C7000001020404080800D7D6000C0424242526BE
:10C71000A46424040C0001010109090F01010101B5
:10C720000100B4B00006E22AA6F2ABA2A62AE206F5
:10C7300000000F090D0A0A0D08080F0000BFDA00FB
:10C7400000FE02020202020202FE000000070202D4
:10C750000202020202070000B8A100102102002A12
:10C760003226AA61290500040201000101090F0116
:10C77000010100B5E30000F01010101F121212F2B8
:10C780000200080501050901050901050800CAFDA7
:10C7900000482A987F284A10EF08F80800090B057E
:10C7A000050B00080502050800BDF8001011F24055
:10C7B00044FF4444FF444000080403040A090808F5
:10C7C0000B080800CCF50020A492978AEA8A96927A
:10C7D000A0200008040200080F000002040800D591
:10C7E000FB00C2AE9AFF9AAEC4AB92AEC20008087C
:10C7F0000E08080F0A0A0A0A0800CAFD00482A980B
:10C800007F284A10EF08F80800090B05050B0008FF
:10C810000502050800BFD5000CA4948C8586848C85
:10C8200094A40C0008080808080F08080808080065
:10C83000BEDD008888FF4800FEAAAAFAAAAE000062
:10C84000080F0806010F0404040F00B2E20022449E
:10C85000FE02FA02FE00FC00FF00040209040304C9
:10C86000090001080F00CAD40011F2000024E424DA
:10C8700004FF040500000F04000407020003040E77
:10C8800000CFD400803E2AEA2A2A2AEA2A3E8000E3
:10C8900008090A0F0808080F0A090800CABE001094
:10C8A00010921212F21212921010000402010008EB
:10C8B0000F000000010600D6A100FC04FF04FC00EC
:10C8C000F010DF14F40001000F0101000B04030459
:10C8D0000B00C2CA00028A529AD6B3D28A528A0286
:10C8E0000002020202020F020202020200CDC60092
:10C8F0008888FF4810FC2724FD26240000080F002C
:10C90000000F09090F090900D2A1008888FF484AD1
:10C910003226EA2129050000080F000D09090F0938
:10C92000090D00B8CB008868FF28404242FE424211
:10C93000400000000F000000000F00000000CDEAE2
:10C9400000868292929293929292828600080804C4
:10C95000030000000708080C00B3C90000FC2424F1
:10C96000E404FF0485660400080700020B040201CA
:10C9700002040F00B6D40024C404C43C0048880854
:10C98000FF0800080601020C000009080F0000C69D
:10C99000B50010DE10FF1292F90DEB09F90009083D
:10C9A00004020100090403040900A1F6000000F8D4
:10C9B00004F4F4F4F404F80000000001020202029E
:10C9C0000202010000A1F5000000F80404040404C0
:10C9D00004F800000000010202020202020100004D
:10C9E000000000FF01191D05C3C3453D1901FF0FDC
:10C9F000080808080E0E080808080FB3A400087FEE
:10CA0000481C2A494800B5C4007E4B7E041B427E68
:10CA100000C1E30006122B376B321600D2BB0008B0
:10CA2000080808080C0800B6FE0040424242424294
:10CA30004000C8FD004149494949494100CBC40073
:10CA40007F514F414F497F00CEE5004049794F4922
:10CA5000794000C1F90042221A031A224200C6DFBF
:10CA60000008083F4844446400B0CB0040300F0049
:10CA70000F304000BEC50042221F027E406000CA47
:10CA8000AE000404047F04040400C4E300047F2413
:10CA9000537E122600BAC300445C372C497D0B003C
:10CAA000CAC000047F445F545F4400BDE700205FBC
:10CAB000351F751F2000B4F3004444241F24444450
:10CAC00000D0A100100C407F00041800B6E0000860
:10CAD0004A5A552B291800C9D9004846503F201200
:10CAE0000400C7B0007A2A7B021A437A00BAF30026
:10CAF000601F755555750400C0EF00405F557F55A8
:10CB00005F4000CDE20048472A1E007F0800D7F3AF
:10CB10000022524F4A7A4A4200D3D200120A7E4B78
:10CB20004A7A0200C0FD00047E49371D4E7F00D7BF
:10CB3000D3000809497D0B090800C8B7007D4B7D6B
:10CB40002A7B2E7800C8CF00047D40201F204000A3
:10CB5000C8A100211F157F2A122E00CFFB007500EF
:10CB60007D1417547D00B2CB00525633763B56529B
:10CB700000B5A500203E2B7E2B3E2000B7B5004916
:10CB80003A605F6D556D00BBD8007F415D555D41DA
:10CB90007F00C9CF004040407F44444000CFC200E6
:10CBA0000101017F01091100B0B400527F4E5A2FDC
:10CBB0003A4E00BCFC002A79522C557F5700C9E838
:10CBC00000047D205B295B4A00D6C300477D575592
:10CBD000577D4700B7C7002A2A7F007F2A2A00B363
:10CBE000A30006331E7B1E330600CEC40042422E35
:10CBF000132E424200B1BE0022122A7F2A122200C6
:10CC0000D6D0001E12127F12121E00B9FA007F4108
:10CC10006B7F6B517F00C1C1005A4E2A2B6A4E5A5E
:10CC200000B6C800403E4A5E2B5E4A00A1F50000F7
:10CC30003C424242423C00A1F600003C425A5A4269
:10CC40003C00000000FF8185D3938D81FF02060E1A
:10CC50000E0602FFFFFFFFFFFFFFFFFFFFFFFFFFCB
:10CC6000FFFFFFFFFFFFFFFFFFFFFFFFFFFFFFFFD4
:10CC7000FFFFFFFFFFFFFFFFFFFFFFFFFFFFFFFFC4
:10CC8000FFFFFFFFFFFFFFFFFFFFFFFFFFFFFFFFB4
:10CC9000FFFFFFFFFFFFFFFFFFFFFFFFFFFFFFFFA4
:10CCA000FFFFFFFFFFFFFFFFFFFFFFFFFFFFFFFF94
:10CCB000FFFFFFFFFFFFFFFFFFFFFFFFFFFFFFFF84
:10CCC000FFFFFFFFFFFFFFFFFFFFFFFFFFFFFFFF74
:10CCD000FFFFFFFFFFFFFFFFFFFFFFFFFFFFFFFF64
:10CCE000FFFFFFFFFFFFFFFFFFFFFFFFFFFFFFFF54
:10CCF000FFFFFFFFFFFFFFFFFFFFFFFFFFFFFFFF44
:10CD0000FFFFFFFFFFFFFFFFFFFFFFFFFFFFFFFF33
:10CD1000FFFFFFFFFFFFFFFFFFFFFFFFFFFFFFFF23
:10CD2000FFFFFFFFFFFFFFFFFFFFFFFFFFFFFFFF13
:10CD3000FFFFFFFFFFFFFFFFFFFFFFFFFFFFFFFF03
:10CD4000FFFFFFFFFFFFFFFFFFFFFFFFFFFFFFFFF3
:10CD5000FFFFFFFFFFFFFFFFFFFFFFFFFFFFFFFFE3
:10CD6000FFFFFFFFFFFFFFFFFFFFFFFFFFFFFFFFD3
:10CD7000FFFFFFFFFFFFFFFFFFFFFFFFFFFFFFFFC3
:10CD8000FFFFFFFFFFFFFFFFFFFFFFFFFFFFFFFFB3
:10CD9000FFFFFFFFFFFFFFFFFFFFFFFFFFFFFFFFA3
:10CDA000FFFFFFFFFFFFFFFFFFFFFFFFFFFFFFFF93
:10CDB000FFFFFFFFFFFFFFFFFFFFFFFFFFFFFFFF83
:10CDC000FFFFFFFFFFFFFFFFFFFFFFFFFFFFFFFF73
:10CDD000FFFFFFFFFFFFFFFFFFFFFFFFFFFFFFFF63
:10CDE000FFFFFFFFFFFFFFFFFFFFFFFFFFFFFFFF53
:10CDF000FFFFFFFFFFFFFFFFFFFFFFFFFFFFFFFF43
:10CE0000FFFFFFFFFFFFFFFFFFFFFFFFFFFFFFFF32
:10CE1000FFFFFFFFFFFFFFFFFFFFFFFFFFFFFFFF22
:10CE2000FFFFFFFFFFFFFFFFFFFFFFFFFFFFFFFF12
:10CE3000FFFFFFFFFFFFFFFFFFFFFFFFFFFFFFFF02
:10CE4000FFFFFFFFFFFFFFFFFFFFFFFFFFFFFFFFF2
:10CE5000FFFFFFFFFFFFFFFFFFFFFFFFFFFFFFFFE2
:10CE6000FFFFFFFFFFFFFFFFFFFFFFFFFFFFFFFFD2
:10CE7000FFFFFFFFFFFFFFFFFFFFFFFFFFFFFFFFC2
:10CE8000FFFFFFFFFFFFFFFFFFFFFFFFFFFFFFFFB2
:10CE9000FFFFFFFFFFFFFFFFFFFFFFFFFFFFFFFFA2
:10CEA000FFFFFFFFFFFFFFFFFFFFFFFFFFFFFFFF92
:10CEB000FFFFFFFFFFFFFFFFFFFFFFFFFFFFFFFF82
:10CEC000FFFFFFFFFFFFFFFFFFFFFFFFFFFFFFFF72
:10CED000FFFFFFFFFFFFFFFFFFFFFFFFFFFFFFFF62
:10CEE000FFFFFFFFFFFFFFFFFFFF3F3F7F7F7F7FD2
:10CEF0003F3FFFFFFFFFFFFF7F7F7F7F7F7F7F7FC2
:10CF00007FFFFFFFFFF7630303000000E0F0F0E0A6
:10CF1000000000030363F7FFFEFEFEFEFEFEFEFEC2
:10CF2000FEFFFFFFFFFEF8F8F8E08080C0C1C1C03F
:10CF30008080E0F8F8F8FEFFFCFCFCFCFCFCFCFC4C
:10CF4000FCFFFFFFFFFFFFFFFFFFF9F9F9F9F9F918
:10CF5000F9F9F9F9F9F9F9F9F9F9F9F9F9F9F9F941
:10CF6000F9FFFF3F3F3F3F3F1F1F3F3F3F3F3FFF17
:10CF7000FFFFFFFFFFFFFF3F3F3F3F3F1F1F3F3FC1
:10CF80003F3F3FFFFFFFFFFFFFF0606027272707BE
:10CF9000070707070707072727276060F0FFFFFF3E
:10CFA000FFFFFFFFFFFFFFFFFF0100F8FEFFFFFF96
:10CFB000FFFEFEFEFEFFFFFFFF7E380001DFDF1FEA
:10CFC0001F3F7FFFFFFFFFFFFFFCFCFFFFFFFFFF97
:10CFD000FFFFFFFFFFFFFFFFFFE0C08080AFAF80DC
:10CFE00080C0E03F3F3F3F3F1F1F3F3F3F3F3FFF6E
:10CFF000FFFFFFFFFFFFFF3F3F3F3F3F1F1F3F3F41
:10D000003F3F3FFFFFFFFFFFFFF06060272727073D
:10D01000070707070707072727276060F0FFFFFFBD
:10D02000FFFFFFFFFFFFFFFFFF0100F8FEFFFFFF15
:10D03000FFFEFEFEFEFFFFFF9F1E3C3801073F3F45
:10D040001F9FFFFFFFFFFFFFFFFCFCFFFFFFFFFF36
:10D05000FFFFFFFFFFFFFFF99980C0C60F0FC6C09B
:10D060008099F91F1B111B1F1B1F1B1F2020200055
:10D0700020202000202020303030003C3C3C003F6D
:10D080003F3FF0FE7F33337FFEF0010101010101DC
:10D090000101F0FE7F333377F6F001010101010158
:10D0A0000101000000000000F0F8381C1C3CF8F002
:10D0B000000000000E0E0E0ECFCFCFCECECFCF8F02
:10D0C00000000000000000007171717171717F3FFC
:10D0D0000000000080808080BCFECE8E8E8E8E8E02
:10D0E00000000000C3C3C3C3F3F3C3C3C3C3F3F35C
:10D0F0000000000071717101777771717171717148
:10D1000000000000E0F8FC3C00007E7E0E1EFCF8F3
:10D110000000000003070F1F1E1C1C1C1E1F0F0712
:10D12000000000000000E0E0E0E0E0C0C0C0C0C0DF
:10D13000C0E0E0808080800000000000000000006F
:10D14000008081C10307070F1DB9B9FFFF03030367
:10D15000030300000000000000000F1F3B7170700F
:10D1600060FEFFE3C3C3C3C7E7EE7E3800000000E4
:10D17000000000008787CECEFCFCF8787070F1F9D3
:10D18000F9989C1C1C0C0000000000000000E3F358
:10D190007939383870E0C0707071717377E7CE8E6E
:10D1A000000000000000000081C7E7EEEEEECEC7F1
:10D1B000870E1C1C1C1C1C9E8F870000000000009A
:10D1C0000000878F9C9C8080810103070E1C1C3807
:10D1D000387F7F7F000000000000000001070F0380
:10D1E000030303070707070707060E0E0E0C0000D0
:10D1F0000000FCFCFCFCF8F0000000000000000057
:10D20000000000000000000000000000000000001E
:10D210000000FFFFFFFFFFFFFCFCF8F8F0F0F8FC58
:10D22000FEFFFFFEFEFCF8F0E080000000000000C2
:10D23000000007070707070F0F1F1F3F7FFFFFFFB4
:10D24000FFFFFFFFFFFFC703010000000000000019
:10D25000000000000000000000000000000107FFC7
:10D26000FFFFFFFFFFFFFFFFFCFCFCFCFCFCF800E6
:10D270000000000000000000000000000080E0FF4F
:10D28000FFFFFFFFFFFFFFFF3F3F3F3F3F1F1F002D
:10D290000000E0E0E0E0E0F0F0F8FCFCFFFFFFFF62
:10D2A000FFFFFFFFFFFFF3E0C08000000000000071
:10D2B0000000FFFFFFFFFFFF7F3F3F1F1F0F0F1FFC
:10D2C0003F7FFF7F7F3F1F0F07010000000000002E
:10D2D00000003F3F3F3F1F0F000000000000000024
:10D2E000000000000000000000000000000000003E
:10D2F000000000000000000001000000010000012B
:10D300000100010101010101000000000000000016
:10D3100000000043000080420400000800000000FC
:10D3200000000002000100001000000000000000EA
:10D33000000000003031323334353637383941425D
:10D340004344454640305800303132333435363767
:10D35000383961626364656640307800000000001F
:10D360004FBB610567ACDD3F182D4454FB21E93FFD
:10D370009BF681D20B73EF3F182D4454FB21F93FEC
:10D38000E2652F227F2B7A3C075C143326A6813C72
:10D39000BDCBF07A8807703C075C143326A6913C1D
:10D3A000C4EB98999999C9BF711623FEC671BCBF89
:10D3B0006D9A74AFF2B0B3BF9AFDDE522DDEADBFF1
:10D3C0002F6C6A2C44B4A2BF0D5555555555D53F09
:10D3D000FF8300922449C23F6E204CC5CD45B73F24
:10D3E000513DD0A0660DB13FEB0D76244B7BA93F9C
:10D3F00011DA22E33AAD903F000000000000000087
:10D4000030313233343536373839616263646566BA
:10D410007870003031323334353637383941424351
:10D42000444546585000000002400000000000A0A3
:10D430000000000005400000000000C800000000DF
:10D440000C4000000000409C00000000194000005B
:10D450000020BCBE0000000034400000BFC91B8E8D
:10D4600000000004B5400000504BCFD06607E2CF6B
:10D47000010000006C4100003E8251AADFEEA7349B
:10D4800001000000D9420000DCB5A0E23A301F974D
:10D49000FFFFFFFFB4450000FD25A0C8E9A3C14F71
:10D4A000FFFFFFFFFF3F00000000008000000000C2
:10D4B000FF3F00000000008000000000CEC4D7D66F
:10D4C0007465787400000000C9CFCFC2CDC6D2A168
:10D4D000B8CBCDEAB3C9B6D4C6B50000C6C1C4BB8B
:10D4E000C1C1B6C8C6C1C4BBC1C1B6C80000000036
:10D4F000B8A1B5E3CAFDBEDDB2E2CAD400000000A7
:10D50000D5FBCAFDCAFDBEDDB2E2CAD400000000F0
:10D510005561762053657474696E67005561762095
:10D52000496E666F0000000053657474696E67731E
:10D53000000000005BB7B5BBD85D00005049442037
:10D5400053657474696E67004D5055363035302020
:10D55000496E666F00000000B9D8D3DA4F4C4544DD
:10D5600020554900B4CBC9E8B1B80000BADAB0B56B
:10D57000C4A3CABD00000000CFD4CABED6A1C2CA8F
:10D58000000000002053544D333246313033000048
:10D590002052414D3A32304B4200000020524F4D54
:10D5A0003A36344B4200000020536F667457617264
:10D5B000652049494300000020535344313330363D
:10D5C00020313238783634204F4C4544000000007A
:10D5D0002D5B43503A5D00002D5B4D43553A5D0095
:10D5E0002D5B53637265656E3A5D0000206874744C
:10D5F00070733A2F2F6769746875622E636F6D2F91
:10D60000626474682D373737373737372F4F4C45BB
:10D61000445F5549000000002D5B417574686F72CE
:10D620003A5D00002D5B4164726573733A5D0000E2
:10D630002062696C6962696C692040C9CF6E6DCDEA
:10D64000F8BFCEC4D800000094D700080000002026
:10D65000E4060000280100083CD90008E406002088
:10D66000C40C0000840100081C00000043000000FE
:10D67000F8FFFFFF0C0000000E0000000F0000008C
:10D680002E0000001001000043000000F8FFFFFF23
:10D6900000404040404040404040414141414140C5
:10D6A000404040404040404040404040404040407A
:10D6B0004005020202020202020202020202020209
:10D6C000022020202020202020202002020202020E
:10D6D0000202909090909090101010101010101066
:10D6E0001010101010101010101010100202020272
:10D6F00002028888888888880808080808080808B6
:10D7000008080808080808080808080802020202B1
:10D7100040000000000000000000000000000000C9
:10D7200000000000000000000000000000000000F9
:10D7300000000000000000000000000000000000E9
:10D7400000000000000000000000000000000000D9
:10D7500000000000000000000000000000000000C9
:10D7600000000000000000000000000000000000B9
:10D7700000000000000000000000000000000000A9
:10D780000000000000000000000000000000000099
:10D79000000000001184A24A0400091901020304D8
:10D7A00006070809680B1F2E3D4C5B05020406089E
:10D7B0002F69331A010F4601FF0120643905915A80
:10D7C0000101012D2A3F2F1250321C2B80400C13D7
:10D7D000DCD413080C1204B2032254A2204BA04044
:10D7E000041C7F43032839A2D9440138124B7A1212
:10D7F000443ABC881208022F023A46442B70414436
:10D800003AC8440A2F0544A9CC3AF0441204320322
:10D8100022940210201DCDCCCC3D6A1AC2041B42BA
:10D8200003280A110844118AD544C17A98500B1272
:10D83000803F441A1C3839284A06284B63CF105AB7
:10D8400010185A4C185AE3185A28185B6805187AA9
:10D85000CE4B01151A34300B10D348245A3C4801E2
:10D86000100A154818011813E8D40C1008151F34B5
:10D870009A6C48224A39AC419A78189A4B185A64E3
:10D88000185AB4D8816A5830CA06180916D801182F
:10D890000A15D8D80A1584180A1590180A159C1864
:10D8A0000A15E0180A15B8180A15D0180A15A8188C
:10D8B000092EF00B1418D62C0A1530180A15241846
:10D8C0000A45EC905201142041054A1040120233DF
:10D8D00020050B16A52944128012401A20020118B7
:10D8E00014204101120C131C051B20F44C32043B84
:10D8F00071624C62421ABE08138042130104022175
:10D90000021C2041044C1A684C4B9C034CAB591E22
:10D91000984AC84C11092C4C4B8C044CABB51D4C8F
:10D920000A2BD24C69E45A94E4F10A2243E4891C9C
:0CD93000494C81AB7D6998012600000085
:04000005080000ED02
:00000001FF
